CountryCode,Year,Value,Unit
ARE,2000,43.553768158,tCO2 equivalent/cap; percentile p0p100; lpfghgi999
ARE,2001,41.1063766479,tCO2 equivalent/cap; percentile p0p100; lpfghgi999
ARE,2002,37.3374023438,tCO2 equivalent/cap; percentile p0p100; lpfghgi999
ARE,2003,44.5170021057,tCO2 equivalent/cap; percentile p0p100; lpfghgi999
ARE,2004,45.4946937561,tCO2 equivalent/cap; percentile p0p100; lpfghgi999
ARE,2005,45.0872077942,tCO2 equivalent/cap; percentile p0p100; lpfghgi999
ARE,2006,40.9445114136,tCO2 equivalent/cap; percentile p0p100; lpfghgi999
ARE,2007,40.5441055298,tCO2 equivalent/cap; percentile p0p100; lpfghgi999
ARE,2008,41.4672546387,tCO2 equivalent/cap; percentile p0p100; lpfghgi999
ARE,2009,30.3417339325,tCO2 equivalent/cap; percentile p0p100; lpfghgi999
ARE,2010,28.0806064606,tCO2 equivalent/cap; percentile p0p100; lpfghgi999
ARE,2011,28.9711761475,tCO2 equivalent/cap; percentile p0p100; lpfghgi999
ARE,2012,29.9885406494,tCO2 equivalent/cap; percentile p0p100; lpfghgi999
ARE,2013,31.2455997467,tCO2 equivalent/cap; percentile p0p100; lpfghgi999
ARE,2014,30.9962558746,tCO2 equivalent/cap; percentile p0p100; lpfghgi999
ARE,2015,31.440568924,tCO2 equivalent/cap; percentile p0p100; lpfghgi999
ARE,2016,29.8936824799,tCO2 equivalent/cap; percentile p0p100; lpfghgi999
ARE,2017,27.0339183807,tCO2 equivalent/cap; percentile p0p100; lpfghgi999
ARE,2018,28.0266628265,tCO2 equivalent/cap; percentile p0p100; lpfghgi999
ARE,2019,27.9401683807,tCO2 equivalent/cap; percentile p0p100; lpfghgi999
ARG,2000,7.3268814087,tCO2 equivalent/cap; percentile p0p100; lpfghgi999
ARG,2001,7.1939673424,tCO2 equivalent/cap; percentile p0p100; lpfghgi999
ARG,2002,5.3951692581,tCO2 equivalent/cap; percentile p0p100; lpfghgi999
ARG,2003,6.2352852821,tCO2 equivalent/cap; percentile p0p100; lpfghgi999
ARG,2004,6.6596341133,tCO2 equivalent/cap; percentile p0p100; lpfghgi999
ARG,2005,6.8511033058,tCO2 equivalent/cap; percentile p0p100; lpfghgi999
ARG,2006,7.2120227814,tCO2 equivalent/cap; percentile p0p100; lpfghgi999
ARG,2007,7.3448457718,tCO2 equivalent/cap; percentile p0p100; lpfghgi999
ARG,2008,7.5086817741,tCO2 equivalent/cap; percentile p0p100; lpfghgi999
ARG,2009,7.1626815796,tCO2 equivalent/cap; percentile p0p100; lpfghgi999
ARG,2010,6.8489146233,tCO2 equivalent/cap; percentile p0p100; lpfghgi999
ARG,2011,7.0303058624,tCO2 equivalent/cap; percentile p0p100; lpfghgi999
ARG,2012,7.2003860474,tCO2 equivalent/cap; percentile p0p100; lpfghgi999
ARG,2013,7.3946509361,tCO2 equivalent/cap; percentile p0p100; lpfghgi999
ARG,2014,7.3429350853,tCO2 equivalent/cap; percentile p0p100; lpfghgi999
ARG,2015,7.4882240295,tCO2 equivalent/cap; percentile p0p100; lpfghgi999
ARG,2016,7.1642003059,tCO2 equivalent/cap; percentile p0p100; lpfghgi999
ARG,2017,7.0938568115,tCO2 equivalent/cap; percentile p0p100; lpfghgi999
ARG,2018,6.7652716637,tCO2 equivalent/cap; percentile p0p100; lpfghgi999
ARG,2019,6.4813289642,tCO2 equivalent/cap; percentile p0p100; lpfghgi999
AUS,2000,21.4783840179,tCO2 equivalent/cap; percentile p0p100; lpfghgi999
AUS,2001,21.3202438354,tCO2 equivalent/cap; percentile p0p100; lpfghgi999
AUS,2002,22.2422275543,tCO2 equivalent/cap; percentile p0p100; lpfghgi999
AUS,2003,22.6710796356,tCO2 equivalent/cap; percentile p0p100; lpfghgi999
AUS,2004,23.6199073792,tCO2 equivalent/cap; percentile p0p100; lpfghgi999
AUS,2005,22.9909915924,tCO2 equivalent/cap; percentile p0p100; lpfghgi999
AUS,2006,23.4096088409,tCO2 equivalent/cap; percentile p0p100; lpfghgi999
AUS,2007,23.7541370392,tCO2 equivalent/cap; percentile p0p100; lpfghgi999
AUS,2008,22.5909423828,tCO2 equivalent/cap; percentile p0p100; lpfghgi999
AUS,2009,23.394613266,tCO2 equivalent/cap; percentile p0p100; lpfghgi999
AUS,2010,22.8211402893,tCO2 equivalent/cap; percentile p0p100; lpfghgi999
AUS,2011,23.0815010071,tCO2 equivalent/cap; percentile p0p100; lpfghgi999
AUS,2012,23.6743736267,tCO2 equivalent/cap; percentile p0p100; lpfghgi999
AUS,2013,22.1571502686,tCO2 equivalent/cap; percentile p0p100; lpfghgi999
AUS,2014,21.9342670441,tCO2 equivalent/cap; percentile p0p100; lpfghgi999
AUS,2015,21.7907619476,tCO2 equivalent/cap; percentile p0p100; lpfghgi999
AUS,2016,20.9186573029,tCO2 equivalent/cap; percentile p0p100; lpfghgi999
AUS,2017,20.825088501,tCO2 equivalent/cap; percentile p0p100; lpfghgi999
AUS,2018,20.0490016937,tCO2 equivalent/cap; percentile p0p100; lpfghgi999
AUS,2019,19.5711574554,tCO2 equivalent/cap; percentile p0p100; lpfghgi999
AUT,2000,14.7919616699,tCO2 equivalent/cap; percentile p0p100; lpfghgi999
AUT,2001,14.9435195923,tCO2 equivalent/cap; percentile p0p100; lpfghgi999
AUT,2002,14.8564805984,tCO2 equivalent/cap; percentile p0p100; lpfghgi999
AUT,2003,15.0619926453,tCO2 equivalent/cap; percentile p0p100; lpfghgi999
AUT,2004,15.3985271454,tCO2 equivalent/cap; percentile p0p100; lpfghgi999
AUT,2005,15.5808267593,tCO2 equivalent/cap; percentile p0p100; lpfghgi999
AUT,2006,15.7858972549,tCO2 equivalent/cap; percentile p0p100; lpfghgi999
AUT,2007,15.1118021011,tCO2 equivalent/cap; percentile p0p100; lpfghgi999
AUT,2008,14.8859319687,tCO2 equivalent/cap; percentile p0p100; lpfghgi999
AUT,2009,13.654589653,tCO2 equivalent/cap; percentile p0p100; lpfghgi999
AUT,2010,14.2386684418,tCO2 equivalent/cap; percentile p0p100; lpfghgi999
AUT,2011,14.5166254044,tCO2 equivalent/cap; percentile p0p100; lpfghgi999
AUT,2012,13.7853298187,tCO2 equivalent/cap; percentile p0p100; lpfghgi999
AUT,2013,13.4634923935,tCO2 equivalent/cap; percentile p0p100; lpfghgi999
AUT,2014,13.0139780045,tCO2 equivalent/cap; percentile p0p100; lpfghgi999
AUT,2015,12.9915618896,tCO2 equivalent/cap; percentile p0p100; lpfghgi999
AUT,2016,12.9598207474,tCO2 equivalent/cap; percentile p0p100; lpfghgi999
AUT,2017,13.2285413742,tCO2 equivalent/cap; percentile p0p100; lpfghgi999
AUT,2018,12.8628787994,tCO2 equivalent/cap; percentile p0p100; lpfghgi999
AUT,2019,13.1112251282,tCO2 equivalent/cap; percentile p0p100; lpfghgi999
BEL,2000,21.1573600769,tCO2 equivalent/cap; percentile p0p100; lpfghgi999
BEL,2001,20.6402015686,tCO2 equivalent/cap; percentile p0p100; lpfghgi999
BEL,2002,21.5874176025,tCO2 equivalent/cap; percentile p0p100; lpfghgi999
BEL,2003,21.2690906525,tCO2 equivalent/cap; percentile p0p100; lpfghgi999
BEL,2004,23.2582130432,tCO2 equivalent/cap; percentile p0p100; lpfghgi999
BEL,2005,22.7105312347,tCO2 equivalent/cap; percentile p0p100; lpfghgi999
BEL,2006,23.4045219421,tCO2 equivalent/cap; percentile p0p100; lpfghgi999
BEL,2007,23.464509964,tCO2 equivalent/cap; percentile p0p100; lpfghgi999
BEL,2008,21.7703552246,tCO2 equivalent/cap; percentile p0p100; lpfghgi999
BEL,2009,18.5773124695,tCO2 equivalent/cap; percentile p0p100; lpfghgi999
BEL,2010,19.7340812683,tCO2 equivalent/cap; percentile p0p100; lpfghgi999
BEL,2011,20.5919380188,tCO2 equivalent/cap; percentile p0p100; lpfghgi999
BEL,2012,18.5923690796,tCO2 equivalent/cap; percentile p0p100; lpfghgi999
BEL,2013,18.2715015411,tCO2 equivalent/cap; percentile p0p100; lpfghgi999
BEL,2014,17.7458763123,tCO2 equivalent/cap; percentile p0p100; lpfghgi999
BEL,2015,17.5349960327,tCO2 equivalent/cap; percentile p0p100; lpfghgi999
BEL,2016,16.8871116638,tCO2 equivalent/cap; percentile p0p100; lpfghgi999
BEL,2017,16.9489898682,tCO2 equivalent/cap; percentile p0p100; lpfghgi999
BEL,2018,17.3615455627,tCO2 equivalent/cap; percentile p0p100; lpfghgi999
BEL,2019,17.1896018982,tCO2 equivalent/cap; percentile p0p100; lpfghgi999
BGD,2000,0.5649251342,tCO2 equivalent/cap; percentile p0p100; lpfghgi999
BGD,2001,0.6239430904,tCO2 equivalent/cap; percentile p0p100; lpfghgi999
BGD,2002,0.600731194,tCO2 equivalent/cap; percentile p0p100; lpfghgi999
BGD,2003,0.6638714671,tCO2 equivalent/cap; percentile p0p100; lpfghgi999
BGD,2004,0.6676815152,tCO2 equivalent/cap; percentile p0p100; lpfghgi999
BGD,2005,0.676497519,tCO2 equivalent/cap; percentile p0p100; lpfghgi999
BGD,2006,0.6916091442,tCO2 equivalent/cap; percentile p0p100; lpfghgi999
BGD,2007,0.7133022547,tCO2 equivalent/cap; percentile p0p100; lpfghgi999
BGD,2008,0.728761673,tCO2 equivalent/cap; percentile p0p100; lpfghgi999
BGD,2009,0.7674226165,tCO2 equivalent/cap; percentile p0p100; lpfghgi999
BGD,2010,0.8166207075,tCO2 equivalent/cap; percentile p0p100; lpfghgi999
BGD,2011,0.8470073938,tCO2 equivalent/cap; percentile p0p100; lpfghgi999
BGD,2012,0.8626874685,tCO2 equivalent/cap; percentile p0p100; lpfghgi999
BGD,2013,0.9130700231,tCO2 equivalent/cap; percentile p0p100; lpfghgi999
BGD,2014,0.9351938367,tCO2 equivalent/cap; percentile p0p100; lpfghgi999
BGD,2015,0.9618034363,tCO2 equivalent/cap; percentile p0p100; lpfghgi999
BGD,2016,0.9735821486,tCO2 equivalent/cap; percentile p0p100; lpfghgi999
BGD,2017,1.0158736706,tCO2 equivalent/cap; percentile p0p100; lpfghgi999
BGD,2018,1.0717149973,tCO2 equivalent/cap; percentile p0p100; lpfghgi999
BGD,2019,1.2641761303,tCO2 equivalent/cap; percentile p0p100; lpfghgi999
BRA,2000,4.1518974304,tCO2 equivalent/cap; percentile p0p100; lpfghgi999
BRA,2001,4.0857396126,tCO2 equivalent/cap; percentile p0p100; lpfghgi999
BRA,2002,4.0095734596,tCO2 equivalent/cap; percentile p0p100; lpfghgi999
BRA,2003,3.9599022865,tCO2 equivalent/cap; percentile p0p100; lpfghgi999
BRA,2004,4.0361084938,tCO2 equivalent/cap; percentile p0p100; lpfghgi999
BRA,2005,4.1685237885,tCO2 equivalent/cap; percentile p0p100; lpfghgi999
BRA,2006,4.2124090195,tCO2 equivalent/cap; percentile p0p100; lpfghgi999
BRA,2007,4.2864203453,tCO2 equivalent/cap; percentile p0p100; lpfghgi999
BRA,2008,4.5450081825,tCO2 equivalent/cap; percentile p0p100; lpfghgi999
BRA,2009,4.4015455246,tCO2 equivalent/cap; percentile p0p100; lpfghgi999
BRA,2010,4.8529276848,tCO2 equivalent/cap; percentile p0p100; lpfghgi999
BRA,2011,5.0008945465,tCO2 equivalent/cap; percentile p0p100; lpfghgi999
BRA,2012,5.0643076897,tCO2 equivalent/cap; percentile p0p100; lpfghgi999
BRA,2013,5.1984553337,tCO2 equivalent/cap; percentile p0p100; lpfghgi999
BRA,2014,5.3389310837,tCO2 equivalent/cap; percentile p0p100; lpfghgi999
BRA,2015,5.0639691353,tCO2 equivalent/cap; percentile p0p100; lpfghgi999
BRA,2016,4.8522248268,tCO2 equivalent/cap; percentile p0p100; lpfghgi999
BRA,2017,4.8908390999,tCO2 equivalent/cap; percentile p0p100; lpfghgi999
BRA,2018,4.6423811913,tCO2 equivalent/cap; percentile p0p100; lpfghgi999
BRA,2019,4.5984725952,tCO2 equivalent/cap; percentile p0p100; lpfghgi999
CAN,2000,22.8027248383,tCO2 equivalent/cap; percentile p0p100; lpfghgi999
CAN,2001,21.7567214966,tCO2 equivalent/cap; percentile p0p100; lpfghgi999
CAN,2002,22.2451725006,tCO2 equivalent/cap; percentile p0p100; lpfghgi999
CAN,2003,21.5281848907,tCO2 equivalent/cap; percentile p0p100; lpfghgi999
CAN,2004,21.942445755,tCO2 equivalent/cap; percentile p0p100; lpfghgi999
CAN,2005,22.0689678192,tCO2 equivalent/cap; percentile p0p100; lpfghgi999
CAN,2006,21.5388450623,tCO2 equivalent/cap; percentile p0p100; lpfghgi999
CAN,2007,22.3579082489,tCO2 equivalent/cap; percentile p0p100; lpfghgi999
CAN,2008,21.5490322113,tCO2 equivalent/cap; percentile p0p100; lpfghgi999
CAN,2009,20.5655441284,tCO2 equivalent/cap; percentile p0p100; lpfghgi999
CAN,2010,21.4091396332,tCO2 equivalent/cap; percentile p0p100; lpfghgi999
CAN,2011,20.3050632477,tCO2 equivalent/cap; percentile p0p100; lpfghgi999
CAN,2012,21.3152999878,tCO2 equivalent/cap; percentile p0p100; lpfghgi999
CAN,2013,21.2721939087,tCO2 equivalent/cap; percentile p0p100; lpfghgi999
CAN,2014,20.8934841156,tCO2 equivalent/cap; percentile p0p100; lpfghgi999
CAN,2015,20.2566986084,tCO2 equivalent/cap; percentile p0p100; lpfghgi999
CAN,2016,19.4801197052,tCO2 equivalent/cap; percentile p0p100; lpfghgi999
CAN,2017,19.6676063538,tCO2 equivalent/cap; percentile p0p100; lpfghgi999
CAN,2018,19.9267520905,tCO2 equivalent/cap; percentile p0p100; lpfghgi999
CAN,2019,19.4157485962,tCO2 equivalent/cap; percentile p0p100; lpfghgi999
CHE,2000,19.0557060242,tCO2 equivalent/cap; percentile p0p100; lpfghgi999
CHE,2001,17.4910049438,tCO2 equivalent/cap; percentile p0p100; lpfghgi999
CHE,2002,16.3281440735,tCO2 equivalent/cap; percentile p0p100; lpfghgi999
CHE,2003,18.0933837891,tCO2 equivalent/cap; percentile p0p100; lpfghgi999
CHE,2004,18.2232780457,tCO2 equivalent/cap; percentile p0p100; lpfghgi999
CHE,2005,18.3020591736,tCO2 equivalent/cap; percentile p0p100; lpfghgi999
CHE,2006,17.7971420288,tCO2 equivalent/cap; percentile p0p100; lpfghgi999
CHE,2007,18.5637359619,tCO2 equivalent/cap; percentile p0p100; lpfghgi999
CHE,2008,18.7879104614,tCO2 equivalent/cap; percentile p0p100; lpfghgi999
CHE,2009,17.3326797485,tCO2 equivalent/cap; percentile p0p100; lpfghgi999
CHE,2010,17.0539836884,tCO2 equivalent/cap; percentile p0p100; lpfghgi999
CHE,2011,18.4154262543,tCO2 equivalent/cap; percentile p0p100; lpfghgi999
CHE,2012,17.3343753815,tCO2 equivalent/cap; percentile p0p100; lpfghgi999
CHE,2013,18.8311023712,tCO2 equivalent/cap; percentile p0p100; lpfghgi999
CHE,2014,18.0586738586,tCO2 equivalent/cap; percentile p0p100; lpfghgi999
CHE,2015,17.3446044922,tCO2 equivalent/cap; percentile p0p100; lpfghgi999
CHE,2016,16.7995300293,tCO2 equivalent/cap; percentile p0p100; lpfghgi999
CHE,2017,16.9769363403,tCO2 equivalent/cap; percentile p0p100; lpfghgi999
CHE,2018,16.9049396515,tCO2 equivalent/cap; percentile p0p100; lpfghgi999
CHE,2019,17.1330089569,tCO2 equivalent/cap; percentile p0p100; lpfghgi999
CHL,2000,5.2966556549,tCO2 equivalent/cap; percentile p0p100; lpfghgi999
CHL,2001,4.8753166199,tCO2 equivalent/cap; percentile p0p100; lpfghgi999
CHL,2002,5.1893687248,tCO2 equivalent/cap; percentile p0p100; lpfghgi999
CHL,2003,4.8872241974,tCO2 equivalent/cap; percentile p0p100; lpfghgi999
CHL,2004,5.0478730202,tCO2 equivalent/cap; percentile p0p100; lpfghgi999
CHL,2005,5.2996768951,tCO2 equivalent/cap; percentile p0p100; lpfghgi999
CHL,2006,5.4423332214,tCO2 equivalent/cap; percentile p0p100; lpfghgi999
CHL,2007,5.6428637505,tCO2 equivalent/cap; percentile p0p100; lpfghgi999
CHL,2008,6.1398744583,tCO2 equivalent/cap; percentile p0p100; lpfghgi999
CHL,2009,5.2469797134,tCO2 equivalent/cap; percentile p0p100; lpfghgi999
CHL,2010,5.7144670486,tCO2 equivalent/cap; percentile p0p100; lpfghgi999
CHL,2011,6.2731809616,tCO2 equivalent/cap; percentile p0p100; lpfghgi999
CHL,2012,6.7091169357,tCO2 equivalent/cap; percentile p0p100; lpfghgi999
CHL,2013,6.7273125648,tCO2 equivalent/cap; percentile p0p100; lpfghgi999
CHL,2014,6.425327301,tCO2 equivalent/cap; percentile p0p100; lpfghgi999
CHL,2015,6.5006561279,tCO2 equivalent/cap; percentile p0p100; lpfghgi999
CHL,2016,6.4734568596,tCO2 equivalent/cap; percentile p0p100; lpfghgi999
CHL,2017,6.397359848,tCO2 equivalent/cap; percentile p0p100; lpfghgi999
CHL,2018,6.4738264084,tCO2 equivalent/cap; percentile p0p100; lpfghgi999
CHL,2019,6.2812204361,tCO2 equivalent/cap; percentile p0p100; lpfghgi999
CHN,2000,3.089127779,tCO2 equivalent/cap; percentile p0p100; lpfghgi999
CHN,2001,3.2165341377,tCO2 equivalent/cap; percentile p0p100; lpfghgi999
CHN,2002,3.412576437,tCO2 equivalent/cap; percentile p0p100; lpfghgi999
CHN,2003,3.7319848537,tCO2 equivalent/cap; percentile p0p100; lpfghgi999
CHN,2004,4.1205606461,tCO2 equivalent/cap; percentile p0p100; lpfghgi999
CHN,2005,4.4620637894,tCO2 equivalent/cap; percentile p0p100; lpfghgi999
CHN,2006,4.6950073242,tCO2 equivalent/cap; percentile p0p100; lpfghgi999
CHN,2007,5.0270552635,tCO2 equivalent/cap; percentile p0p100; lpfghgi999
CHN,2008,5.4417300224,tCO2 equivalent/cap; percentile p0p100; lpfghgi999
CHN,2009,6.0914077759,tCO2 equivalent/cap; percentile p0p100; lpfghgi999
CHN,2010,6.5474205017,tCO2 equivalent/cap; percentile p0p100; lpfghgi999
CHN,2011,7.1521859169,tCO2 equivalent/cap; percentile p0p100; lpfghgi999
CHN,2012,7.4223899841,tCO2 equivalent/cap; percentile p0p100; lpfghgi999
CHN,2013,7.5666837692,tCO2 equivalent/cap; percentile p0p100; lpfghgi999
CHN,2014,7.5690717697,tCO2 equivalent/cap; percentile p0p100; lpfghgi999
CHN,2015,7.5985331535,tCO2 equivalent/cap; percentile p0p100; lpfghgi999
CHN,2016,7.6027779579,tCO2 equivalent/cap; percentile p0p100; lpfghgi999
CHN,2017,7.7149105072,tCO2 equivalent/cap; percentile p0p100; lpfghgi999
CHN,2018,7.886282444,tCO2 equivalent/cap; percentile p0p100; lpfghgi999
CHN,2019,8.0245609283,tCO2 equivalent/cap; percentile p0p100; lpfghgi999
COL,2000,2.8307750225,tCO2 equivalent/cap; percentile p0p100; lpfghgi999
COL,2001,2.8059198856,tCO2 equivalent/cap; percentile p0p100; lpfghgi999
COL,2002,2.8816370964,tCO2 equivalent/cap; percentile p0p100; lpfghgi999
COL,2003,2.7648487091,tCO2 equivalent/cap; percentile p0p100; lpfghgi999
COL,2004,2.7683930397,tCO2 equivalent/cap; percentile p0p100; lpfghgi999
COL,2005,2.9260921478,tCO2 equivalent/cap; percentile p0p100; lpfghgi999
COL,2006,3.0425827503,tCO2 equivalent/cap; percentile p0p100; lpfghgi999
COL,2007,3.0924253464,tCO2 equivalent/cap; percentile p0p100; lpfghgi999
COL,2008,3.2175645828,tCO2 equivalent/cap; percentile p0p100; lpfghgi999
COL,2009,3.237402916,tCO2 equivalent/cap; percentile p0p100; lpfghgi999
COL,2010,3.4203166962,tCO2 equivalent/cap; percentile p0p100; lpfghgi999
COL,2011,3.4182267189,tCO2 equivalent/cap; percentile p0p100; lpfghgi999
COL,2012,3.5743978024,tCO2 equivalent/cap; percentile p0p100; lpfghgi999
COL,2013,3.745395422,tCO2 equivalent/cap; percentile p0p100; lpfghgi999
COL,2014,3.7810111046,tCO2 equivalent/cap; percentile p0p100; lpfghgi999
COL,2015,3.6383852959,tCO2 equivalent/cap; percentile p0p100; lpfghgi999
COL,2016,4.0160384178,tCO2 equivalent/cap; percentile p0p100; lpfghgi999
COL,2017,3.6801304817,tCO2 equivalent/cap; percentile p0p100; lpfghgi999
COL,2018,3.6420857906,tCO2 equivalent/cap; percentile p0p100; lpfghgi999
COL,2019,3.9815654755,tCO2 equivalent/cap; percentile p0p100; lpfghgi999
CZE,2000,11.1909818649,tCO2 equivalent/cap; percentile p0p100; lpfghgi999
CZE,2001,11.2615814209,tCO2 equivalent/cap; percentile p0p100; lpfghgi999
CZE,2002,11.6840839386,tCO2 equivalent/cap; percentile p0p100; lpfghgi999
CZE,2003,11.9120941162,tCO2 equivalent/cap; percentile p0p100; lpfghgi999
CZE,2004,11.8401889801,tCO2 equivalent/cap; percentile p0p100; lpfghgi999
CZE,2005,11.7078733444,tCO2 equivalent/cap; percentile p0p100; lpfghgi999
CZE,2006,11.623503685,tCO2 equivalent/cap; percentile p0p100; lpfghgi999
CZE,2007,11.6905384064,tCO2 equivalent/cap; percentile p0p100; lpfghgi999
CZE,2008,11.8074731827,tCO2 equivalent/cap; percentile p0p100; lpfghgi999
CZE,2009,11.3016252518,tCO2 equivalent/cap; percentile p0p100; lpfghgi999
CZE,2010,11.2176275253,tCO2 equivalent/cap; percentile p0p100; lpfghgi999
CZE,2011,10.9233589172,tCO2 equivalent/cap; percentile p0p100; lpfghgi999
CZE,2012,10.7547130585,tCO2 equivalent/cap; percentile p0p100; lpfghgi999
CZE,2013,10.1814079285,tCO2 equivalent/cap; percentile p0p100; lpfghgi999
CZE,2014,10.1207618713,tCO2 equivalent/cap; percentile p0p100; lpfghgi999
CZE,2015,10.1899757385,tCO2 equivalent/cap; percentile p0p100; lpfghgi999
CZE,2016,10.3309822083,tCO2 equivalent/cap; percentile p0p100; lpfghgi999
CZE,2017,10.1520805359,tCO2 equivalent/cap; percentile p0p100; lpfghgi999
CZE,2018,10.0500659943,tCO2 equivalent/cap; percentile p0p100; lpfghgi999
CZE,2019,9.9972925186,tCO2 equivalent/cap; percentile p0p100; lpfghgi999
DEU,2000,15.712802887,tCO2 equivalent/cap; percentile p0p100; lpfghgi999
DEU,2001,15.5747299194,tCO2 equivalent/cap; percentile p0p100; lpfghgi999
DEU,2002,15.0523052216,tCO2 equivalent/cap; percentile p0p100; lpfghgi999
DEU,2003,15.1913108826,tCO2 equivalent/cap; percentile p0p100; lpfghgi999
DEU,2004,15.2924642563,tCO2 equivalent/cap; percentile p0p100; lpfghgi999
DEU,2005,14.9445476532,tCO2 equivalent/cap; percentile p0p100; lpfghgi999
DEU,2006,15.2486362457,tCO2 equivalent/cap; percentile p0p100; lpfghgi999
DEU,2007,14.5411224365,tCO2 equivalent/cap; percentile p0p100; lpfghgi999
DEU,2008,14.4337024689,tCO2 equivalent/cap; percentile p0p100; lpfghgi999
DEU,2009,13.4182462692,tCO2 equivalent/cap; percentile p0p100; lpfghgi999
DEU,2010,13.8703222275,tCO2 equivalent/cap; percentile p0p100; lpfghgi999
DEU,2011,13.8516921997,tCO2 equivalent/cap; percentile p0p100; lpfghgi999
DEU,2012,13.1665887833,tCO2 equivalent/cap; percentile p0p100; lpfghgi999
DEU,2013,13.1809835434,tCO2 equivalent/cap; percentile p0p100; lpfghgi999
DEU,2014,12.7742424011,tCO2 equivalent/cap; percentile p0p100; lpfghgi999
DEU,2015,12.5694189072,tCO2 equivalent/cap; percentile p0p100; lpfghgi999
DEU,2016,12.4634170532,tCO2 equivalent/cap; percentile p0p100; lpfghgi999
DEU,2017,12.367313385,tCO2 equivalent/cap; percentile p0p100; lpfghgi999
DEU,2018,12.166015625,tCO2 equivalent/cap; percentile p0p100; lpfghgi999
DEU,2019,11.2527961731,tCO2 equivalent/cap; percentile p0p100; lpfghgi999
DNK,2000,15.6039619446,tCO2 equivalent/cap; percentile p0p100; lpfghgi999
DNK,2001,15.4855480194,tCO2 equivalent/cap; percentile p0p100; lpfghgi999
DNK,2002,15.7297430038,tCO2 equivalent/cap; percentile p0p100; lpfghgi999
DNK,2003,16.1438560486,tCO2 equivalent/cap; percentile p0p100; lpfghgi999
DNK,2004,16.2886772156,tCO2 equivalent/cap; percentile p0p100; lpfghgi999
DNK,2005,15.8157262802,tCO2 equivalent/cap; percentile p0p100; lpfghgi999
DNK,2006,16.8048305511,tCO2 equivalent/cap; percentile p0p100; lpfghgi999
DNK,2007,16.1570091248,tCO2 equivalent/cap; percentile p0p100; lpfghgi999
DNK,2008,15.5676622391,tCO2 equivalent/cap; percentile p0p100; lpfghgi999
DNK,2009,14.3902950287,tCO2 equivalent/cap; percentile p0p100; lpfghgi999
DNK,2010,14.2951393127,tCO2 equivalent/cap; percentile p0p100; lpfghgi999
DNK,2011,13.9171180725,tCO2 equivalent/cap; percentile p0p100; lpfghgi999
DNK,2012,12.8066062927,tCO2 equivalent/cap; percentile p0p100; lpfghgi999
DNK,2013,12.7558860779,tCO2 equivalent/cap; percentile p0p100; lpfghgi999
DNK,2014,12.2304992676,tCO2 equivalent/cap; percentile p0p100; lpfghgi999
DNK,2015,11.7664718628,tCO2 equivalent/cap; percentile p0p100; lpfghgi999
DNK,2016,11.8098421097,tCO2 equivalent/cap; percentile p0p100; lpfghgi999
DNK,2017,11.646033287,tCO2 equivalent/cap; percentile p0p100; lpfghgi999
DNK,2018,11.830988884,tCO2 equivalent/cap; percentile p0p100; lpfghgi999
DNK,2019,10.9139413834,tCO2 equivalent/cap; percentile p0p100; lpfghgi999
DZA,2000,2.5750992298,tCO2 equivalent/cap; percentile p0p100; lpfghgi999
DZA,2001,2.4916501045,tCO2 equivalent/cap; percentile p0p100; lpfghgi999
DZA,2002,2.5522682667,tCO2 equivalent/cap; percentile p0p100; lpfghgi999
DZA,2003,2.5766615868,tCO2 equivalent/cap; percentile p0p100; lpfghgi999
DZA,2004,2.4350469112,tCO2 equivalent/cap; percentile p0p100; lpfghgi999
DZA,2005,2.4758517742,tCO2 equivalent/cap; percentile p0p100; lpfghgi999
DZA,2006,2.225584507,tCO2 equivalent/cap; percentile p0p100; lpfghgi999
DZA,2007,2.3045942783,tCO2 equivalent/cap; percentile p0p100; lpfghgi999
DZA,2008,2.4130971432,tCO2 equivalent/cap; percentile p0p100; lpfghgi999
DZA,2009,2.9689531326,tCO2 equivalent/cap; percentile p0p100; lpfghgi999
DZA,2010,2.8296642303,tCO2 equivalent/cap; percentile p0p100; lpfghgi999
DZA,2011,2.7506463528,tCO2 equivalent/cap; percentile p0p100; lpfghgi999
DZA,2012,2.857408762,tCO2 equivalent/cap; percentile p0p100; lpfghgi999
DZA,2013,2.9688606262,tCO2 equivalent/cap; percentile p0p100; lpfghgi999
DZA,2014,3.0381278992,tCO2 equivalent/cap; percentile p0p100; lpfghgi999
DZA,2015,3.2414803505,tCO2 equivalent/cap; percentile p0p100; lpfghgi999
DZA,2016,3.1357913017,tCO2 equivalent/cap; percentile p0p100; lpfghgi999
DZA,2017,3.1113564968,tCO2 equivalent/cap; percentile p0p100; lpfghgi999
DZA,2018,3.1771421432,tCO2 equivalent/cap; percentile p0p100; lpfghgi999
DZA,2019,3.1959557533,tCO2 equivalent/cap; percentile p0p100; lpfghgi999
ECU,2000,2.8747193813,tCO2 equivalent/cap; percentile p0p100; lpfghgi999
ECU,2001,3.4594600201,tCO2 equivalent/cap; percentile p0p100; lpfghgi999
ECU,2002,3.7165074348,tCO2 equivalent/cap; percentile p0p100; lpfghgi999
ECU,2003,3.7067289352,tCO2 equivalent/cap; percentile p0p100; lpfghgi999
ECU,2004,3.8131608963,tCO2 equivalent/cap; percentile p0p100; lpfghgi999
ECU,2005,3.8395836353,tCO2 equivalent/cap; percentile p0p100; lpfghgi999
ECU,2006,3.7904889584,tCO2 equivalent/cap; percentile p0p100; lpfghgi999
ECU,2007,4.0123720169,tCO2 equivalent/cap; percentile p0p100; lpfghgi999
ECU,2008,3.7539064884,tCO2 equivalent/cap; percentile p0p100; lpfghgi999
ECU,2009,3.9860684872,tCO2 equivalent/cap; percentile p0p100; lpfghgi999
ECU,2010,4.2829432487,tCO2 equivalent/cap; percentile p0p100; lpfghgi999
ECU,2011,4.3427944183,tCO2 equivalent/cap; percentile p0p100; lpfghgi999
ECU,2012,4.3262763023,tCO2 equivalent/cap; percentile p0p100; lpfghgi999
ECU,2013,4.4518594742,tCO2 equivalent/cap; percentile p0p100; lpfghgi999
ECU,2014,4.5258293152,tCO2 equivalent/cap; percentile p0p100; lpfghgi999
ECU,2015,4.2982587814,tCO2 equivalent/cap; percentile p0p100; lpfghgi999
ECU,2016,4.1110343933,tCO2 equivalent/cap; percentile p0p100; lpfghgi999
ECU,2017,4.0204820633,tCO2 equivalent/cap; percentile p0p100; lpfghgi999
ECU,2018,4.1414122581,tCO2 equivalent/cap; percentile p0p100; lpfghgi999
ECU,2019,3.9479115009,tCO2 equivalent/cap; percentile p0p100; lpfghgi999
EGY,2000,2.8554403782,tCO2 equivalent/cap; percentile p0p100; lpfghgi999
EGY,2001,2.5517985821,tCO2 equivalent/cap; percentile p0p100; lpfghgi999
EGY,2002,2.5634374619,tCO2 equivalent/cap; percentile p0p100; lpfghgi999
EGY,2003,2.7850899696,tCO2 equivalent/cap; percentile p0p100; lpfghgi999
EGY,2004,2.6240811348,tCO2 equivalent/cap; percentile p0p100; lpfghgi999
EGY,2005,2.9478325844,tCO2 equivalent/cap; percentile p0p100; lpfghgi999
EGY,2006,2.9559237957,tCO2 equivalent/cap; percentile p0p100; lpfghgi999
EGY,2007,3.0806515217,tCO2 equivalent/cap; percentile p0p100; lpfghgi999
EGY,2008,3.2712869644,tCO2 equivalent/cap; percentile p0p100; lpfghgi999
EGY,2009,3.3336200714,tCO2 equivalent/cap; percentile p0p100; lpfghgi999
EGY,2010,3.3188495636,tCO2 equivalent/cap; percentile p0p100; lpfghgi999
EGY,2011,3.3708426952,tCO2 equivalent/cap; percentile p0p100; lpfghgi999
EGY,2012,3.4610061646,tCO2 equivalent/cap; percentile p0p100; lpfghgi999
EGY,2013,3.2866663933,tCO2 equivalent/cap; percentile p0p100; lpfghgi999
EGY,2014,3.4067597389,tCO2 equivalent/cap; percentile p0p100; lpfghgi999
EGY,2015,3.2981498241,tCO2 equivalent/cap; percentile p0p100; lpfghgi999
EGY,2016,3.4616889954,tCO2 equivalent/cap; percentile p0p100; lpfghgi999
EGY,2017,3.4721105099,tCO2 equivalent/cap; percentile p0p100; lpfghgi999
EGY,2018,3.3495428562,tCO2 equivalent/cap; percentile p0p100; lpfghgi999
EGY,2019,3.2210221291,tCO2 equivalent/cap; percentile p0p100; lpfghgi999
ESP,2000,10.9752635956,tCO2 equivalent/cap; percentile p0p100; lpfghgi999
ESP,2001,10.856595993,tCO2 equivalent/cap; percentile p0p100; lpfghgi999
ESP,2002,11.2284202576,tCO2 equivalent/cap; percentile p0p100; lpfghgi999
ESP,2003,11.2156591415,tCO2 equivalent/cap; percentile p0p100; lpfghgi999
ESP,2004,11.767701149,tCO2 equivalent/cap; percentile p0p100; lpfghgi999
ESP,2005,12.1652956009,tCO2 equivalent/cap; percentile p0p100; lpfghgi999
ESP,2006,12.2759428024,tCO2 equivalent/cap; percentile p0p100; lpfghgi999
ESP,2007,12.3000822067,tCO2 equivalent/cap; percentile p0p100; lpfghgi999
ESP,2008,11.4100751877,tCO2 equivalent/cap; percentile p0p100; lpfghgi999
ESP,2009,9.8345479965,tCO2 equivalent/cap; percentile p0p100; lpfghgi999
ESP,2010,9.6393117905,tCO2 equivalent/cap; percentile p0p100; lpfghgi999
ESP,2011,9.3709316254,tCO2 equivalent/cap; percentile p0p100; lpfghgi999
ESP,2012,8.7263793945,tCO2 equivalent/cap; percentile p0p100; lpfghgi999
ESP,2013,8.0877981186,tCO2 equivalent/cap; percentile p0p100; lpfghgi999
ESP,2014,8.1008405685,tCO2 equivalent/cap; percentile p0p100; lpfghgi999
ESP,2015,8.1700286865,tCO2 equivalent/cap; percentile p0p100; lpfghgi999
ESP,2016,7.833586216,tCO2 equivalent/cap; percentile p0p100; lpfghgi999
ESP,2017,8.163892746,tCO2 equivalent/cap; percentile p0p100; lpfghgi999
ESP,2018,8.2146434784,tCO2 equivalent/cap; percentile p0p100; lpfghgi999
ESP,2019,7.6904249191,tCO2 equivalent/cap; percentile p0p100; lpfghgi999
EST,2000,17.1685466766,tCO2 equivalent/cap; percentile p0p100; lpfghgi999
EST,2001,17.0191249847,tCO2 equivalent/cap; percentile p0p100; lpfghgi999
EST,2002,16.8878250122,tCO2 equivalent/cap; percentile p0p100; lpfghgi999
EST,2003,16.7648906708,tCO2 equivalent/cap; percentile p0p100; lpfghgi999
EST,2004,16.6343097687,tCO2 equivalent/cap; percentile p0p100; lpfghgi999
EST,2005,16.4845237732,tCO2 equivalent/cap; percentile p0p100; lpfghgi999
EST,2006,16.3132801056,tCO2 equivalent/cap; percentile p0p100; lpfghgi999
EST,2007,16.1257514954,tCO2 equivalent/cap; percentile p0p100; lpfghgi999
EST,2008,15.9268445969,tCO2 equivalent/cap; percentile p0p100; lpfghgi999
EST,2009,15.7232198715,tCO2 equivalent/cap; percentile p0p100; lpfghgi999
EST,2010,15.5196332932,tCO2 equivalent/cap; percentile p0p100; lpfghgi999
EST,2011,15.3188657761,tCO2 equivalent/cap; percentile p0p100; lpfghgi999
EST,2012,15.1185798645,tCO2 equivalent/cap; percentile p0p100; lpfghgi999
EST,2013,14.9118051529,tCO2 equivalent/cap; percentile p0p100; lpfghgi999
EST,2014,14.6891078949,tCO2 equivalent/cap; percentile p0p100; lpfghgi999
EST,2015,14.4452228546,tCO2 equivalent/cap; percentile p0p100; lpfghgi999
EST,2016,14.1780118942,tCO2 equivalent/cap; percentile p0p100; lpfghgi999
EST,2017,13.8933668137,tCO2 equivalent/cap; percentile p0p100; lpfghgi999
EST,2018,13.6032657623,tCO2 equivalent/cap; percentile p0p100; lpfghgi999
EST,2019,13.3228597641,tCO2 equivalent/cap; percentile p0p100; lpfghgi999
ETH,2000,0.0814818889,tCO2 equivalent/cap; percentile p0p100; lpfghgi999
ETH,2001,0.0957139879,tCO2 equivalent/cap; percentile p0p100; lpfghgi999
ETH,2002,0.0939889848,tCO2 equivalent/cap; percentile p0p100; lpfghgi999
ETH,2003,0.1032290608,tCO2 equivalent/cap; percentile p0p100; lpfghgi999
ETH,2004,0.1032240465,tCO2 equivalent/cap; percentile p0p100; lpfghgi999
ETH,2005,0.1116809398,tCO2 equivalent/cap; percentile p0p100; lpfghgi999
ETH,2006,0.1210536584,tCO2 equivalent/cap; percentile p0p100; lpfghgi999
ETH,2007,0.1177317798,tCO2 equivalent/cap; percentile p0p100; lpfghgi999
ETH,2008,0.1347312629,tCO2 equivalent/cap; percentile p0p100; lpfghgi999
ETH,2009,0.1464074403,tCO2 equivalent/cap; percentile p0p100; lpfghgi999
ETH,2010,0.1260357946,tCO2 equivalent/cap; percentile p0p100; lpfghgi999
ETH,2011,0.1265621036,tCO2 equivalent/cap; percentile p0p100; lpfghgi999
ETH,2012,0.1615108103,tCO2 equivalent/cap; percentile p0p100; lpfghgi999
ETH,2013,0.1771716923,tCO2 equivalent/cap; percentile p0p100; lpfghgi999
ETH,2014,0.1896919012,tCO2 equivalent/cap; percentile p0p100; lpfghgi999
ETH,2015,0.1883986592,tCO2 equivalent/cap; percentile p0p100; lpfghgi999
ETH,2016,0.1993321627,tCO2 equivalent/cap; percentile p0p100; lpfghgi999
ETH,2017,0.2067437023,tCO2 equivalent/cap; percentile p0p100; lpfghgi999
ETH,2018,0.2080476731,tCO2 equivalent/cap; percentile p0p100; lpfghgi999
ETH,2019,0.203663826,tCO2 equivalent/cap; percentile p0p100; lpfghgi999
FIN,2000,17.4032230377,tCO2 equivalent/cap; percentile p0p100; lpfghgi999
FIN,2001,17.9203948975,tCO2 equivalent/cap; percentile p0p100; lpfghgi999
FIN,2002,17.7240581512,tCO2 equivalent/cap; percentile p0p100; lpfghgi999
FIN,2003,19.63048172,tCO2 equivalent/cap; percentile p0p100; lpfghgi999
FIN,2004,20.1117019653,tCO2 equivalent/cap; percentile p0p100; lpfghgi999
FIN,2005,18.4183635712,tCO2 equivalent/cap; percentile p0p100; lpfghgi999
FIN,2006,20.7078971863,tCO2 equivalent/cap; percentile p0p100; lpfghgi999
FIN,2007,20.5972900391,tCO2 equivalent/cap; percentile p0p100; lpfghgi999
FIN,2008,18.9162635803,tCO2 equivalent/cap; percentile p0p100; lpfghgi999
FIN,2009,16.2127609253,tCO2 equivalent/cap; percentile p0p100; lpfghgi999
FIN,2010,18.0172729492,tCO2 equivalent/cap; percentile p0p100; lpfghgi999
FIN,2011,16.5626811981,tCO2 equivalent/cap; percentile p0p100; lpfghgi999
FIN,2012,15.8113384247,tCO2 equivalent/cap; percentile p0p100; lpfghgi999
FIN,2013,15.1982364655,tCO2 equivalent/cap; percentile p0p100; lpfghgi999
FIN,2014,14.79022789,tCO2 equivalent/cap; percentile p0p100; lpfghgi999
FIN,2015,14.2619256973,tCO2 equivalent/cap; percentile p0p100; lpfghgi999
FIN,2016,14.3038949966,tCO2 equivalent/cap; percentile p0p100; lpfghgi999
FIN,2017,13.905380249,tCO2 equivalent/cap; percentile p0p100; lpfghgi999
FIN,2018,14.6912355423,tCO2 equivalent/cap; percentile p0p100; lpfghgi999
FIN,2019,13.323431015,tCO2 equivalent/cap; percentile p0p100; lpfghgi999
FRA,2000,11.708070755,tCO2 equivalent/cap; percentile p0p100; lpfghgi999
FRA,2001,11.4982271194,tCO2 equivalent/cap; percentile p0p100; lpfghgi999
FRA,2002,11.3815250397,tCO2 equivalent/cap; percentile p0p100; lpfghgi999
FRA,2003,11.4040288925,tCO2 equivalent/cap; percentile p0p100; lpfghgi999
FRA,2004,11.7258710861,tCO2 equivalent/cap; percentile p0p100; lpfghgi999
FRA,2005,11.5903806686,tCO2 equivalent/cap; percentile p0p100; lpfghgi999
FRA,2006,11.2954692841,tCO2 equivalent/cap; percentile p0p100; lpfghgi999
FRA,2007,11.4962368011,tCO2 equivalent/cap; percentile p0p100; lpfghgi999
FRA,2008,11.2419290543,tCO2 equivalent/cap; percentile p0p100; lpfghgi999
FRA,2009,10.5451812744,tCO2 equivalent/cap; percentile p0p100; lpfghgi999
FRA,2010,10.4623088837,tCO2 equivalent/cap; percentile p0p100; lpfghgi999
FRA,2011,10.6347417831,tCO2 equivalent/cap; percentile p0p100; lpfghgi999
FRA,2012,9.6910276413,tCO2 equivalent/cap; percentile p0p100; lpfghgi999
FRA,2013,9.5058994293,tCO2 equivalent/cap; percentile p0p100; lpfghgi999
FRA,2014,9.0871095657,tCO2 equivalent/cap; percentile p0p100; lpfghgi999
FRA,2015,8.9388198853,tCO2 equivalent/cap; percentile p0p100; lpfghgi999
FRA,2016,8.8254928589,tCO2 equivalent/cap; percentile p0p100; lpfghgi999
FRA,2017,9.0281610489,tCO2 equivalent/cap; percentile p0p100; lpfghgi999
FRA,2018,8.8982744217,tCO2 equivalent/cap; percentile p0p100; lpfghgi999
FRA,2019,8.6635570526,tCO2 equivalent/cap; percentile p0p100; lpfghgi999
GBR,2000,15.1579198837,tCO2 equivalent/cap; percentile p0p100; lpfghgi999
GBR,2001,15.1466379166,tCO2 equivalent/cap; percentile p0p100; lpfghgi999
GBR,2002,14.9133043289,tCO2 equivalent/cap; percentile p0p100; lpfghgi999
GBR,2003,15.1093215942,tCO2 equivalent/cap; percentile p0p100; lpfghgi999
GBR,2004,15.4726362228,tCO2 equivalent/cap; percentile p0p100; lpfghgi999
GBR,2005,15.1808891296,tCO2 equivalent/cap; percentile p0p100; lpfghgi999
GBR,2006,15.3638162613,tCO2 equivalent/cap; percentile p0p100; lpfghgi999
GBR,2007,15.3205947876,tCO2 equivalent/cap; percentile p0p100; lpfghgi999
GBR,2008,14.4219789505,tCO2 equivalent/cap; percentile p0p100; lpfghgi999
GBR,2009,13.1240587234,tCO2 equivalent/cap; percentile p0p100; lpfghgi999
GBR,2010,13.4313030243,tCO2 equivalent/cap; percentile p0p100; lpfghgi999
GBR,2011,12.417637825,tCO2 equivalent/cap; percentile p0p100; lpfghgi999
GBR,2012,12.4937152863,tCO2 equivalent/cap; percentile p0p100; lpfghgi999
GBR,2013,11.9979352951,tCO2 equivalent/cap; percentile p0p100; lpfghgi999
GBR,2014,11.4750242233,tCO2 equivalent/cap; percentile p0p100; lpfghgi999
GBR,2015,11.0369977951,tCO2 equivalent/cap; percentile p0p100; lpfghgi999
GBR,2016,10.4194488525,tCO2 equivalent/cap; percentile p0p100; lpfghgi999
GBR,2017,10.2506542206,tCO2 equivalent/cap; percentile p0p100; lpfghgi999
GBR,2018,10.2624225616,tCO2 equivalent/cap; percentile p0p100; lpfghgi999
GBR,2019,9.9280195236,tCO2 equivalent/cap; percentile p0p100; lpfghgi999
GRC,2000,13.2117347717,tCO2 equivalent/cap; percentile p0p100; lpfghgi999
GRC,2001,13.2597007751,tCO2 equivalent/cap; percentile p0p100; lpfghgi999
GRC,2002,13.3803863525,tCO2 equivalent/cap; percentile p0p100; lpfghgi999
GRC,2003,12.2170791626,tCO2 equivalent/cap; percentile p0p100; lpfghgi999
GRC,2004,12.0036821365,tCO2 equivalent/cap; percentile p0p100; lpfghgi999
GRC,2005,12.1090450287,tCO2 equivalent/cap; percentile p0p100; lpfghgi999
GRC,2006,12.1999759674,tCO2 equivalent/cap; percentile p0p100; lpfghgi999
GRC,2007,12.1217384338,tCO2 equivalent/cap; percentile p0p100; lpfghgi999
GRC,2008,12.2077741623,tCO2 equivalent/cap; percentile p0p100; lpfghgi999
GRC,2009,13.0605096817,tCO2 equivalent/cap; percentile p0p100; lpfghgi999
GRC,2010,11.7204027176,tCO2 equivalent/cap; percentile p0p100; lpfghgi999
GRC,2011,10.5857381821,tCO2 equivalent/cap; percentile p0p100; lpfghgi999
GRC,2012,9.927107811,tCO2 equivalent/cap; percentile p0p100; lpfghgi999
GRC,2013,9.0198106766,tCO2 equivalent/cap; percentile p0p100; lpfghgi999
GRC,2014,8.6406364441,tCO2 equivalent/cap; percentile p0p100; lpfghgi999
GRC,2015,8.4441928864,tCO2 equivalent/cap; percentile p0p100; lpfghgi999
GRC,2016,8.3019390106,tCO2 equivalent/cap; percentile p0p100; lpfghgi999
GRC,2017,8.4361124039,tCO2 equivalent/cap; percentile p0p100; lpfghgi999
GRC,2018,8.084277153,tCO2 equivalent/cap; percentile p0p100; lpfghgi999
GRC,2019,7.6000742912,tCO2 equivalent/cap; percentile p0p100; lpfghgi999
HUN,2000,8.1130971909,tCO2 equivalent/cap; percentile p0p100; lpfghgi999
HUN,2001,8.4055986404,tCO2 equivalent/cap; percentile p0p100; lpfghgi999
HUN,2002,8.8610649109,tCO2 equivalent/cap; percentile p0p100; lpfghgi999
HUN,2003,9.4763422012,tCO2 equivalent/cap; percentile p0p100; lpfghgi999
HUN,2004,9.2078752518,tCO2 equivalent/cap; percentile p0p100; lpfghgi999
HUN,2005,9.1858892441,tCO2 equivalent/cap; percentile p0p100; lpfghgi999
HUN,2006,9.5985593796,tCO2 equivalent/cap; percentile p0p100; lpfghgi999
HUN,2007,9.4436998367,tCO2 equivalent/cap; percentile p0p100; lpfghgi999
HUN,2008,9.452548027,tCO2 equivalent/cap; percentile p0p100; lpfghgi999
HUN,2009,8.0020608902,tCO2 equivalent/cap; percentile p0p100; lpfghgi999
HUN,2010,8.1361188889,tCO2 equivalent/cap; percentile p0p100; lpfghgi999
HUN,2011,8.090388298,tCO2 equivalent/cap; percentile p0p100; lpfghgi999
HUN,2012,7.5585479736,tCO2 equivalent/cap; percentile p0p100; lpfghgi999
HUN,2013,7.4335870743,tCO2 equivalent/cap; percentile p0p100; lpfghgi999
HUN,2014,7.4410424232,tCO2 equivalent/cap; percentile p0p100; lpfghgi999
HUN,2015,7.656835556,tCO2 equivalent/cap; percentile p0p100; lpfghgi999
HUN,2016,7.62063694,tCO2 equivalent/cap; percentile p0p100; lpfghgi999
HUN,2017,7.9362540245,tCO2 equivalent/cap; percentile p0p100; lpfghgi999
HUN,2018,8.1535387039,tCO2 equivalent/cap; percentile p0p100; lpfghgi999
HUN,2019,8.0858764648,tCO2 equivalent/cap; percentile p0p100; lpfghgi999
IDN,2000,1.7478092909,tCO2 equivalent/cap; percentile p0p100; lpfghgi999
IDN,2001,1.8468225002,tCO2 equivalent/cap; percentile p0p100; lpfghgi999
IDN,2002,1.9873468876,tCO2 equivalent/cap; percentile p0p100; lpfghgi999
IDN,2003,2.0528962612,tCO2 equivalent/cap; percentile p0p100; lpfghgi999
IDN,2004,2.0951967239,tCO2 equivalent/cap; percentile p0p100; lpfghgi999
IDN,2005,2.1013729572,tCO2 equivalent/cap; percentile p0p100; lpfghgi999
IDN,2006,2.1456074715,tCO2 equivalent/cap; percentile p0p100; lpfghgi999
IDN,2007,2.2818944454,tCO2 equivalent/cap; percentile p0p100; lpfghgi999
IDN,2008,2.4609632492,tCO2 equivalent/cap; percentile p0p100; lpfghgi999
IDN,2009,2.6245365143,tCO2 equivalent/cap; percentile p0p100; lpfghgi999
IDN,2010,2.5804553032,tCO2 equivalent/cap; percentile p0p100; lpfghgi999
IDN,2011,2.8542428017,tCO2 equivalent/cap; percentile p0p100; lpfghgi999
IDN,2012,2.9867043495,tCO2 equivalent/cap; percentile p0p100; lpfghgi999
IDN,2013,2.5747380257,tCO2 equivalent/cap; percentile p0p100; lpfghgi999
IDN,2014,2.5782012939,tCO2 equivalent/cap; percentile p0p100; lpfghgi999
IDN,2015,2.8771417141,tCO2 equivalent/cap; percentile p0p100; lpfghgi999
IDN,2016,3.127301693,tCO2 equivalent/cap; percentile p0p100; lpfghgi999
IDN,2017,2.9146261215,tCO2 equivalent/cap; percentile p0p100; lpfghgi999
IDN,2018,3.0892090797,tCO2 equivalent/cap; percentile p0p100; lpfghgi999
IDN,2019,3.272439003,tCO2 equivalent/cap; percentile p0p100; lpfghgi999
IND,2000,1.3331532478,tCO2 equivalent/cap; percentile p0p100; lpfghgi999
IND,2001,1.3349965811,tCO2 equivalent/cap; percentile p0p100; lpfghgi999
IND,2002,1.3202030659,tCO2 equivalent/cap; percentile p0p100; lpfghgi999
IND,2003,1.3560223579,tCO2 equivalent/cap; percentile p0p100; lpfghgi999
IND,2004,1.3865019083,tCO2 equivalent/cap; percentile p0p100; lpfghgi999
IND,2005,1.4133445024,tCO2 equivalent/cap; percentile p0p100; lpfghgi999
IND,2006,1.4691903591,tCO2 equivalent/cap; percentile p0p100; lpfghgi999
IND,2007,1.5520470142,tCO2 equivalent/cap; percentile p0p100; lpfghgi999
IND,2008,1.6064146757,tCO2 equivalent/cap; percentile p0p100; lpfghgi999
IND,2009,1.6855040789,tCO2 equivalent/cap; percentile p0p100; lpfghgi999
IND,2010,1.6933296919,tCO2 equivalent/cap; percentile p0p100; lpfghgi999
IND,2011,1.7285763025,tCO2 equivalent/cap; percentile p0p100; lpfghgi999
IND,2012,1.8290586472,tCO2 equivalent/cap; percentile p0p100; lpfghgi999
IND,2013,1.8159800768,tCO2 equivalent/cap; percentile p0p100; lpfghgi999
IND,2014,1.9253436327,tCO2 equivalent/cap; percentile p0p100; lpfghgi999
IND,2015,1.9725036621,tCO2 equivalent/cap; percentile p0p100; lpfghgi999
IND,2016,2.0576951504,tCO2 equivalent/cap; percentile p0p100; lpfghgi999
IND,2017,2.1033773422,tCO2 equivalent/cap; percentile p0p100; lpfghgi999
IND,2018,2.1761906147,tCO2 equivalent/cap; percentile p0p100; lpfghgi999
IND,2019,2.1746041775,tCO2 equivalent/cap; percentile p0p100; lpfghgi999
IRL,2000,19.2932548523,tCO2 equivalent/cap; percentile p0p100; lpfghgi999
IRL,2001,19.2478199005,tCO2 equivalent/cap; percentile p0p100; lpfghgi999
IRL,2002,19.2123470306,tCO2 equivalent/cap; percentile p0p100; lpfghgi999
IRL,2003,20.6820392609,tCO2 equivalent/cap; percentile p0p100; lpfghgi999
IRL,2004,21.1175670624,tCO2 equivalent/cap; percentile p0p100; lpfghgi999
IRL,2005,21.544593811,tCO2 equivalent/cap; percentile p0p100; lpfghgi999
IRL,2006,21.1218795776,tCO2 equivalent/cap; percentile p0p100; lpfghgi999
IRL,2007,20.4076080322,tCO2 equivalent/cap; percentile p0p100; lpfghgi999
IRL,2008,18.5503368378,tCO2 equivalent/cap; percentile p0p100; lpfghgi999
IRL,2009,15.4200544357,tCO2 equivalent/cap; percentile p0p100; lpfghgi999
IRL,2010,14.2541704178,tCO2 equivalent/cap; percentile p0p100; lpfghgi999
IRL,2011,13.6035804749,tCO2 equivalent/cap; percentile p0p100; lpfghgi999
IRL,2012,13.3128709793,tCO2 equivalent/cap; percentile p0p100; lpfghgi999
IRL,2013,13.2297620773,tCO2 equivalent/cap; percentile p0p100; lpfghgi999
IRL,2014,12.8713788986,tCO2 equivalent/cap; percentile p0p100; lpfghgi999
IRL,2015,12.4028463364,tCO2 equivalent/cap; percentile p0p100; lpfghgi999
IRL,2016,12.5816192627,tCO2 equivalent/cap; percentile p0p100; lpfghgi999
IRL,2017,12.3113918304,tCO2 equivalent/cap; percentile p0p100; lpfghgi999
IRL,2018,11.932267189,tCO2 equivalent/cap; percentile p0p100; lpfghgi999
IRL,2019,11.264752388,tCO2 equivalent/cap; percentile p0p100; lpfghgi999
IRN,2000,6.4743666649,tCO2 equivalent/cap; percentile p0p100; lpfghgi999
IRN,2001,6.8522610664,tCO2 equivalent/cap; percentile p0p100; lpfghgi999
IRN,2002,6.707942009,tCO2 equivalent/cap; percentile p0p100; lpfghgi999
IRN,2003,7.7438502312,tCO2 equivalent/cap; percentile p0p100; lpfghgi999
IRN,2004,8.1513280869,tCO2 equivalent/cap; percentile p0p100; lpfghgi999
IRN,2005,8.2166128159,tCO2 equivalent/cap; percentile p0p100; lpfghgi999
IRN,2006,8.7318201065,tCO2 equivalent/cap; percentile p0p100; lpfghgi999
IRN,2007,9.0955276489,tCO2 equivalent/cap; percentile p0p100; lpfghgi999
IRN,2008,9.1157865524,tCO2 equivalent/cap; percentile p0p100; lpfghgi999
IRN,2009,9.1504058838,tCO2 equivalent/cap; percentile p0p100; lpfghgi999
IRN,2010,9.4570474625,tCO2 equivalent/cap; percentile p0p100; lpfghgi999
IRN,2011,9.4543628693,tCO2 equivalent/cap; percentile p0p100; lpfghgi999
IRN,2012,9.4081850052,tCO2 equivalent/cap; percentile p0p100; lpfghgi999
IRN,2013,9.3124856949,tCO2 equivalent/cap; percentile p0p100; lpfghgi999
IRN,2014,9.7248106003,tCO2 equivalent/cap; percentile p0p100; lpfghgi999
IRN,2015,9.7398614883,tCO2 equivalent/cap; percentile p0p100; lpfghgi999
IRN,2016,9.5329771042,tCO2 equivalent/cap; percentile p0p100; lpfghgi999
IRN,2017,10.30950737,tCO2 equivalent/cap; percentile p0p100; lpfghgi999
IRN,2018,10.7460412979,tCO2 equivalent/cap; percentile p0p100; lpfghgi999
IRN,2019,10.9402713776,tCO2 equivalent/cap; percentile p0p100; lpfghgi999
IRQ,2000,2.4061067104,tCO2 equivalent/cap; percentile p0p100; lpfghgi999
IRQ,2001,3.1343905926,tCO2 equivalent/cap; percentile p0p100; lpfghgi999
IRQ,2002,3.0921416283,tCO2 equivalent/cap; percentile p0p100; lpfghgi999
IRQ,2003,3.5129797459,tCO2 equivalent/cap; percentile p0p100; lpfghgi999
IRQ,2004,4.7179665565,tCO2 equivalent/cap; percentile p0p100; lpfghgi999
IRQ,2005,4.6958489418,tCO2 equivalent/cap; percentile p0p100; lpfghgi999
IRQ,2006,4.3393177986,tCO2 equivalent/cap; percentile p0p100; lpfghgi999
IRQ,2007,3.4301950932,tCO2 equivalent/cap; percentile p0p100; lpfghgi999
IRQ,2008,4.5068216324,tCO2 equivalent/cap; percentile p0p100; lpfghgi999
IRQ,2009,5.5191841125,tCO2 equivalent/cap; percentile p0p100; lpfghgi999
IRQ,2010,5.679292202,tCO2 equivalent/cap; percentile p0p100; lpfghgi999
IRQ,2011,6.1311321259,tCO2 equivalent/cap; percentile p0p100; lpfghgi999
IRQ,2012,6.489824295,tCO2 equivalent/cap; percentile p0p100; lpfghgi999
IRQ,2013,6.7159204483,tCO2 equivalent/cap; percentile p0p100; lpfghgi999
IRQ,2014,6.5399336815,tCO2 equivalent/cap; percentile p0p100; lpfghgi999
IRQ,2015,6.3776226044,tCO2 equivalent/cap; percentile p0p100; lpfghgi999
IRQ,2016,6.6715636253,tCO2 equivalent/cap; percentile p0p100; lpfghgi999
IRQ,2017,6.5285429955,tCO2 equivalent/cap; percentile p0p100; lpfghgi999
IRQ,2018,6.5693449974,tCO2 equivalent/cap; percentile p0p100; lpfghgi999
IRQ,2019,6.7527103424,tCO2 equivalent/cap; percentile p0p100; lpfghgi999
ISL,2000,19.1708717346,tCO2 equivalent/cap; percentile p0p100; lpfghgi999
ISL,2001,19.219581604,tCO2 equivalent/cap; percentile p0p100; lpfghgi999
ISL,2002,19.270740509,tCO2 equivalent/cap; percentile p0p100; lpfghgi999
ISL,2003,19.3075714111,tCO2 equivalent/cap; percentile p0p100; lpfghgi999
ISL,2004,19.3085899353,tCO2 equivalent/cap; percentile p0p100; lpfghgi999
ISL,2005,19.2622966766,tCO2 equivalent/cap; percentile p0p100; lpfghgi999
ISL,2006,19.1616573334,tCO2 equivalent/cap; percentile p0p100; lpfghgi999
ISL,2007,19.0190658569,tCO2 equivalent/cap; percentile p0p100; lpfghgi999
ISL,2008,18.8687038422,tCO2 equivalent/cap; percentile p0p100; lpfghgi999
ISL,2009,18.7513790131,tCO2 equivalent/cap; percentile p0p100; lpfghgi999
ISL,2010,18.6925373077,tCO2 equivalent/cap; percentile p0p100; lpfghgi999
ISL,2011,18.699798584,tCO2 equivalent/cap; percentile p0p100; lpfghgi999
ISL,2012,18.7624950409,tCO2 equivalent/cap; percentile p0p100; lpfghgi999
ISL,2013,18.8615074158,tCO2 equivalent/cap; percentile p0p100; lpfghgi999
ISL,2014,18.9667720795,tCO2 equivalent/cap; percentile p0p100; lpfghgi999
ISL,2015,19.0572528839,tCO2 equivalent/cap; percentile p0p100; lpfghgi999
ISL,2016,19.1286869049,tCO2 equivalent/cap; percentile p0p100; lpfghgi999
ISL,2017,19.1864852905,tCO2 equivalent/cap; percentile p0p100; lpfghgi999
ISL,2018,19.2359275818,tCO2 equivalent/cap; percentile p0p100; lpfghgi999
ISL,2019,19.2848930359,tCO2 equivalent/cap; percentile p0p100; lpfghgi999
ISR,2000,13.7335224152,tCO2 equivalent/cap; percentile p0p100; lpfghgi999
ISR,2001,14.3369474411,tCO2 equivalent/cap; percentile p0p100; lpfghgi999
ISR,2002,13.5494623184,tCO2 equivalent/cap; percentile p0p100; lpfghgi999
ISR,2003,15.0570220947,tCO2 equivalent/cap; percentile p0p100; lpfghgi999
ISR,2004,14.2380561829,tCO2 equivalent/cap; percentile p0p100; lpfghgi999
ISR,2005,13.686712265,tCO2 equivalent/cap; percentile p0p100; lpfghgi999
ISR,2006,14.2166481018,tCO2 equivalent/cap; percentile p0p100; lpfghgi999
ISR,2007,14.2316741943,tCO2 equivalent/cap; percentile p0p100; lpfghgi999
ISR,2008,14.8022346497,tCO2 equivalent/cap; percentile p0p100; lpfghgi999
ISR,2009,13.5109615326,tCO2 equivalent/cap; percentile p0p100; lpfghgi999
ISR,2010,14.2306146622,tCO2 equivalent/cap; percentile p0p100; lpfghgi999
ISR,2011,14.3168849945,tCO2 equivalent/cap; percentile p0p100; lpfghgi999
ISR,2012,14.8772306442,tCO2 equivalent/cap; percentile p0p100; lpfghgi999
ISR,2013,13.6167526245,tCO2 equivalent/cap; percentile p0p100; lpfghgi999
ISR,2014,13.1953697205,tCO2 equivalent/cap; percentile p0p100; lpfghgi999
ISR,2015,13.0095834732,tCO2 equivalent/cap; percentile p0p100; lpfghgi999
ISR,2016,12.5908813477,tCO2 equivalent/cap; percentile p0p100; lpfghgi999
ISR,2017,12.4198846817,tCO2 equivalent/cap; percentile p0p100; lpfghgi999
ISR,2018,12.3599376678,tCO2 equivalent/cap; percentile p0p100; lpfghgi999
ISR,2019,12.5429706573,tCO2 equivalent/cap; percentile p0p100; lpfghgi999
ITA,2000,12.5457792282,tCO2 equivalent/cap; percentile p0p100; lpfghgi999
ITA,2001,12.2853012085,tCO2 equivalent/cap; percentile p0p100; lpfghgi999
ITA,2002,12.5406074524,tCO2 equivalent/cap; percentile p0p100; lpfghgi999
ITA,2003,12.5641345978,tCO2 equivalent/cap; percentile p0p100; lpfghgi999
ITA,2004,12.9195575714,tCO2 equivalent/cap; percentile p0p100; lpfghgi999
ITA,2005,12.7986412048,tCO2 equivalent/cap; percentile p0p100; lpfghgi999
ITA,2006,13.0636968613,tCO2 equivalent/cap; percentile p0p100; lpfghgi999
ITA,2007,12.8247804642,tCO2 equivalent/cap; percentile p0p100; lpfghgi999
ITA,2008,12.6585884094,tCO2 equivalent/cap; percentile p0p100; lpfghgi999
ITA,2009,11.2291173935,tCO2 equivalent/cap; percentile p0p100; lpfghgi999
ITA,2010,11.6134634018,tCO2 equivalent/cap; percentile p0p100; lpfghgi999
ITA,2011,11.4223814011,tCO2 equivalent/cap; percentile p0p100; lpfghgi999
ITA,2012,10.4327373505,tCO2 equivalent/cap; percentile p0p100; lpfghgi999
ITA,2013,9.6737012863,tCO2 equivalent/cap; percentile p0p100; lpfghgi999
ITA,2014,9.3650283813,tCO2 equivalent/cap; percentile p0p100; lpfghgi999
ITA,2015,9.2955293655,tCO2 equivalent/cap; percentile p0p100; lpfghgi999
ITA,2016,9.1223659515,tCO2 equivalent/cap; percentile p0p100; lpfghgi999
ITA,2017,9.1979370117,tCO2 equivalent/cap; percentile p0p100; lpfghgi999
ITA,2018,9.383275032,tCO2 equivalent/cap; percentile p0p100; lpfghgi999
ITA,2019,9.0984125137,tCO2 equivalent/cap; percentile p0p100; lpfghgi999
JPN,2000,14.2151098251,tCO2 equivalent/cap; percentile p0p100; lpfghgi999
JPN,2001,13.7147808075,tCO2 equivalent/cap; percentile p0p100; lpfghgi999
JPN,2002,13.671248436,tCO2 equivalent/cap; percentile p0p100; lpfghgi999
JPN,2003,13.785446167,tCO2 equivalent/cap; percentile p0p100; lpfghgi999
JPN,2004,13.8732404709,tCO2 equivalent/cap; percentile p0p100; lpfghgi999
JPN,2005,13.9799861908,tCO2 equivalent/cap; percentile p0p100; lpfghgi999
JPN,2006,13.7448425293,tCO2 equivalent/cap; percentile p0p100; lpfghgi999
JPN,2007,13.7266635895,tCO2 equivalent/cap; percentile p0p100; lpfghgi999
JPN,2008,13.5563669205,tCO2 equivalent/cap; percentile p0p100; lpfghgi999
JPN,2009,12.3885393143,tCO2 equivalent/cap; percentile p0p100; lpfghgi999
JPN,2010,12.8670396805,tCO2 equivalent/cap; percentile p0p100; lpfghgi999
JPN,2011,13.6792097092,tCO2 equivalent/cap; percentile p0p100; lpfghgi999
JPN,2012,14.0740814209,tCO2 equivalent/cap; percentile p0p100; lpfghgi999
JPN,2013,13.6393356323,tCO2 equivalent/cap; percentile p0p100; lpfghgi999
JPN,2014,13.2098970413,tCO2 equivalent/cap; percentile p0p100; lpfghgi999
JPN,2015,12.737821579,tCO2 equivalent/cap; percentile p0p100; lpfghgi999
JPN,2016,12.5614490509,tCO2 equivalent/cap; percentile p0p100; lpfghgi999
JPN,2017,12.4325704575,tCO2 equivalent/cap; percentile p0p100; lpfghgi999
JPN,2018,12.1644697189,tCO2 equivalent/cap; percentile p0p100; lpfghgi999
JPN,2019,11.8855390549,tCO2 equivalent/cap; percentile p0p100; lpfghgi999
KEN,2000,1.2366728783,tCO2 equivalent/cap; percentile p0p100; lpfghgi999
KEN,2001,1.2266750336,tCO2 equivalent/cap; percentile p0p100; lpfghgi999
KEN,2002,1.1227724552,tCO2 equivalent/cap; percentile p0p100; lpfghgi999
KEN,2003,1.2211762667,tCO2 equivalent/cap; percentile p0p100; lpfghgi999
KEN,2004,1.2139345407,tCO2 equivalent/cap; percentile p0p100; lpfghgi999
KEN,2005,1.2275333405,tCO2 equivalent/cap; percentile p0p100; lpfghgi999
KEN,2006,1.1858159304,tCO2 equivalent/cap; percentile p0p100; lpfghgi999
KEN,2007,1.4827076197,tCO2 equivalent/cap; percentile p0p100; lpfghgi999
KEN,2008,1.3967514038,tCO2 equivalent/cap; percentile p0p100; lpfghgi999
KEN,2009,1.4055111408,tCO2 equivalent/cap; percentile p0p100; lpfghgi999
KEN,2010,1.3346992731,tCO2 equivalent/cap; percentile p0p100; lpfghgi999
KEN,2011,1.3575361967,tCO2 equivalent/cap; percentile p0p100; lpfghgi999
KEN,2012,1.4402964115,tCO2 equivalent/cap; percentile p0p100; lpfghgi999
KEN,2013,1.4438780546,tCO2 equivalent/cap; percentile p0p100; lpfghgi999
KEN,2014,1.4402387142,tCO2 equivalent/cap; percentile p0p100; lpfghgi999
KEN,2015,1.4341486692,tCO2 equivalent/cap; percentile p0p100; lpfghgi999
KEN,2016,1.4335017204,tCO2 equivalent/cap; percentile p0p100; lpfghgi999
KEN,2017,1.4005081654,tCO2 equivalent/cap; percentile p0p100; lpfghgi999
KEN,2018,1.4284620285,tCO2 equivalent/cap; percentile p0p100; lpfghgi999
KEN,2019,1.4109351635,tCO2 equivalent/cap; percentile p0p100; lpfghgi999
KOR,2000,12.470533371,tCO2 equivalent/cap; percentile p0p100; lpfghgi999
KOR,2001,11.9225072861,tCO2 equivalent/cap; percentile p0p100; lpfghgi999
KOR,2002,12.7814064026,tCO2 equivalent/cap; percentile p0p100; lpfghgi999
KOR,2003,12.5800409317,tCO2 equivalent/cap; percentile p0p100; lpfghgi999
KOR,2004,12.9278640747,tCO2 equivalent/cap; percentile p0p100; lpfghgi999
KOR,2005,13.3121318817,tCO2 equivalent/cap; percentile p0p100; lpfghgi999
KOR,2006,13.9384860992,tCO2 equivalent/cap; percentile p0p100; lpfghgi999
KOR,2007,14.3961963654,tCO2 equivalent/cap; percentile p0p100; lpfghgi999
KOR,2008,14.4970932007,tCO2 equivalent/cap; percentile p0p100; lpfghgi999
KOR,2009,13.0441522598,tCO2 equivalent/cap; percentile p0p100; lpfghgi999
KOR,2010,14.5984783173,tCO2 equivalent/cap; percentile p0p100; lpfghgi999
KOR,2011,14.8872470856,tCO2 equivalent/cap; percentile p0p100; lpfghgi999
KOR,2012,14.5747232437,tCO2 equivalent/cap; percentile p0p100; lpfghgi999
KOR,2013,14.5905303955,tCO2 equivalent/cap; percentile p0p100; lpfghgi999
KOR,2014,14.6403875351,tCO2 equivalent/cap; percentile p0p100; lpfghgi999
KOR,2015,14.5921401978,tCO2 equivalent/cap; percentile p0p100; lpfghgi999
KOR,2016,14.7605934143,tCO2 equivalent/cap; percentile p0p100; lpfghgi999
KOR,2017,14.9644088745,tCO2 equivalent/cap; percentile p0p100; lpfghgi999
KOR,2018,15.3221979141,tCO2 equivalent/cap; percentile p0p100; lpfghgi999
KOR,2019,14.7355527878,tCO2 equivalent/cap; percentile p0p100; lpfghgi999
KWT,2000,21.7343254089,tCO2 equivalent/cap; percentile p0p100; lpfghgi999
KWT,2001,25.5665626526,tCO2 equivalent/cap; percentile p0p100; lpfghgi999
KWT,2002,26.8973045349,tCO2 equivalent/cap; percentile p0p100; lpfghgi999
KWT,2003,32.3763427734,tCO2 equivalent/cap; percentile p0p100; lpfghgi999
KWT,2004,32.7051849365,tCO2 equivalent/cap; percentile p0p100; lpfghgi999
KWT,2005,34.7355728149,tCO2 equivalent/cap; percentile p0p100; lpfghgi999
KWT,2006,34.292011261,tCO2 equivalent/cap; percentile p0p100; lpfghgi999
KWT,2007,35.3425674438,tCO2 equivalent/cap; percentile p0p100; lpfghgi999
KWT,2008,35.0831413269,tCO2 equivalent/cap; percentile p0p100; lpfghgi999
KWT,2009,32.440410614,tCO2 equivalent/cap; percentile p0p100; lpfghgi999
KWT,2010,31.1363582611,tCO2 equivalent/cap; percentile p0p100; lpfghgi999
KWT,2011,28.0027599335,tCO2 equivalent/cap; percentile p0p100; lpfghgi999
KWT,2012,28.467634201,tCO2 equivalent/cap; percentile p0p100; lpfghgi999
KWT,2013,28.5998458862,tCO2 equivalent/cap; percentile p0p100; lpfghgi999
KWT,2014,27.2838973999,tCO2 equivalent/cap; percentile p0p100; lpfghgi999
KWT,2015,29.2592124939,tCO2 equivalent/cap; percentile p0p100; lpfghgi999
KWT,2016,30.3865070343,tCO2 equivalent/cap; percentile p0p100; lpfghgi999
KWT,2017,30.1525478363,tCO2 equivalent/cap; percentile p0p100; lpfghgi999
KWT,2018,28.8970680237,tCO2 equivalent/cap; percentile p0p100; lpfghgi999
KWT,2019,29.321603775,tCO2 equivalent/cap; percentile p0p100; lpfghgi999
LTU,2000,7.3637051582,tCO2 equivalent/cap; percentile p0p100; lpfghgi999
LTU,2001,7.2315454483,tCO2 equivalent/cap; percentile p0p100; lpfghgi999
LTU,2002,8.3714103699,tCO2 equivalent/cap; percentile p0p100; lpfghgi999
LTU,2003,8.34030056,tCO2 equivalent/cap; percentile p0p100; lpfghgi999
LTU,2004,8.3962640762,tCO2 equivalent/cap; percentile p0p100; lpfghgi999
LTU,2005,8.6735677719,tCO2 equivalent/cap; percentile p0p100; lpfghgi999
LTU,2006,9.7784528732,tCO2 equivalent/cap; percentile p0p100; lpfghgi999
LTU,2007,10.5270223618,tCO2 equivalent/cap; percentile p0p100; lpfghgi999
LTU,2008,10.3208055496,tCO2 equivalent/cap; percentile p0p100; lpfghgi999
LTU,2009,8.7190074921,tCO2 equivalent/cap; percentile p0p100; lpfghgi999
LTU,2010,8.8012342453,tCO2 equivalent/cap; percentile p0p100; lpfghgi999
LTU,2011,10.0632190704,tCO2 equivalent/cap; percentile p0p100; lpfghgi999
LTU,2012,9.561923027,tCO2 equivalent/cap; percentile p0p100; lpfghgi999
LTU,2013,9.4980993271,tCO2 equivalent/cap; percentile p0p100; lpfghgi999
LTU,2014,9.7435522079,tCO2 equivalent/cap; percentile p0p100; lpfghgi999
LTU,2015,9.981464386,tCO2 equivalent/cap; percentile p0p100; lpfghgi999
LTU,2016,9.9383850098,tCO2 equivalent/cap; percentile p0p100; lpfghgi999
LTU,2017,10.1942071915,tCO2 equivalent/cap; percentile p0p100; lpfghgi999
LTU,2018,10.9502153397,tCO2 equivalent/cap; percentile p0p100; lpfghgi999
LTU,2019,10.9641942978,tCO2 equivalent/cap; percentile p0p100; lpfghgi999
LUX,2000,41.7693786621,tCO2 equivalent/cap; percentile p0p100; lpfghgi999
LUX,2001,42.0371208191,tCO2 equivalent/cap; percentile p0p100; lpfghgi999
LUX,2002,42.3539848328,tCO2 equivalent/cap; percentile p0p100; lpfghgi999
LUX,2003,42.6593132019,tCO2 equivalent/cap; percentile p0p100; lpfghgi999
LUX,2004,42.8741531372,tCO2 equivalent/cap; percentile p0p100; lpfghgi999
LUX,2005,42.9411087036,tCO2 equivalent/cap; percentile p0p100; lpfghgi999
LUX,2006,42.8450965881,tCO2 equivalent/cap; percentile p0p100; lpfghgi999
LUX,2007,42.6139678955,tCO2 equivalent/cap; percentile p0p100; lpfghgi999
LUX,2008,42.2882156372,tCO2 equivalent/cap; percentile p0p100; lpfghgi999
LUX,2009,41.9228172302,tCO2 equivalent/cap; percentile p0p100; lpfghgi999
LUX,2010,41.5537719727,tCO2 equivalent/cap; percentile p0p100; lpfghgi999
LUX,2011,41.1963806152,tCO2 equivalent/cap; percentile p0p100; lpfghgi999
LUX,2012,40.8443222046,tCO2 equivalent/cap; percentile p0p100; lpfghgi999
LUX,2013,40.4958114624,tCO2 equivalent/cap; percentile p0p100; lpfghgi999
LUX,2014,40.1436157227,tCO2 equivalent/cap; percentile p0p100; lpfghgi999
LUX,2015,39.7874603271,tCO2 equivalent/cap; percentile p0p100; lpfghgi999
LUX,2016,39.4260292053,tCO2 equivalent/cap; percentile p0p100; lpfghgi999
LUX,2017,39.0717735291,tCO2 equivalent/cap; percentile p0p100; lpfghgi999
LUX,2018,38.7522315979,tCO2 equivalent/cap; percentile p0p100; lpfghgi999
LUX,2019,38.4986419678,tCO2 equivalent/cap; percentile p0p100; lpfghgi999
LVA,2000,6.8325185776,tCO2 equivalent/cap; percentile p0p100; lpfghgi999
LVA,2001,6.8995351791,tCO2 equivalent/cap; percentile p0p100; lpfghgi999
LVA,2002,6.701499939,tCO2 equivalent/cap; percentile p0p100; lpfghgi999
LVA,2003,8.0159263611,tCO2 equivalent/cap; percentile p0p100; lpfghgi999
LVA,2004,8.0091276169,tCO2 equivalent/cap; percentile p0p100; lpfghgi999
LVA,2005,7.6459555626,tCO2 equivalent/cap; percentile p0p100; lpfghgi999
LVA,2006,8.8245649338,tCO2 equivalent/cap; percentile p0p100; lpfghgi999
LVA,2007,9.8924264908,tCO2 equivalent/cap; percentile p0p100; lpfghgi999
LVA,2008,9.7424077988,tCO2 equivalent/cap; percentile p0p100; lpfghgi999
LVA,2009,8.1319875717,tCO2 equivalent/cap; percentile p0p100; lpfghgi999
LVA,2010,8.2682437897,tCO2 equivalent/cap; percentile p0p100; lpfghgi999
LVA,2011,8.3062591553,tCO2 equivalent/cap; percentile p0p100; lpfghgi999
LVA,2012,8.5502099991,tCO2 equivalent/cap; percentile p0p100; lpfghgi999
LVA,2013,8.3974952698,tCO2 equivalent/cap; percentile p0p100; lpfghgi999
LVA,2014,8.3853397369,tCO2 equivalent/cap; percentile p0p100; lpfghgi999
LVA,2015,8.4343271255,tCO2 equivalent/cap; percentile p0p100; lpfghgi999
LVA,2016,8.3716287613,tCO2 equivalent/cap; percentile p0p100; lpfghgi999
LVA,2017,8.6737289429,tCO2 equivalent/cap; percentile p0p100; lpfghgi999
LVA,2018,9.4652099609,tCO2 equivalent/cap; percentile p0p100; lpfghgi999
LVA,2019,10.0639638901,tCO2 equivalent/cap; percentile p0p100; lpfghgi999
MEX,2000,5.5955119133,tCO2 equivalent/cap; percentile p0p100; lpfghgi999
MEX,2001,5.6266789436,tCO2 equivalent/cap; percentile p0p100; lpfghgi999
MEX,2002,5.5964446068,tCO2 equivalent/cap; percentile p0p100; lpfghgi999
MEX,2003,5.7551436424,tCO2 equivalent/cap; percentile p0p100; lpfghgi999
MEX,2004,5.6019201279,tCO2 equivalent/cap; percentile p0p100; lpfghgi999
MEX,2005,5.9483938217,tCO2 equivalent/cap; percentile p0p100; lpfghgi999
MEX,2006,6.0419855118,tCO2 equivalent/cap; percentile p0p100; lpfghgi999
MEX,2007,5.8208899498,tCO2 equivalent/cap; percentile p0p100; lpfghgi999
MEX,2008,5.9077272415,tCO2 equivalent/cap; percentile p0p100; lpfghgi999
MEX,2009,5.6313796043,tCO2 equivalent/cap; percentile p0p100; lpfghgi999
MEX,2010,5.6378183365,tCO2 equivalent/cap; percentile p0p100; lpfghgi999
MEX,2011,5.7412409782,tCO2 equivalent/cap; percentile p0p100; lpfghgi999
MEX,2012,5.8910064697,tCO2 equivalent/cap; percentile p0p100; lpfghgi999
MEX,2013,5.8528857231,tCO2 equivalent/cap; percentile p0p100; lpfghgi999
MEX,2014,5.7252340317,tCO2 equivalent/cap; percentile p0p100; lpfghgi999
MEX,2015,5.5412664413,tCO2 equivalent/cap; percentile p0p100; lpfghgi999
MEX,2016,5.3178591728,tCO2 equivalent/cap; percentile p0p100; lpfghgi999
MEX,2017,5.0739617348,tCO2 equivalent/cap; percentile p0p100; lpfghgi999
MEX,2018,4.9399733543,tCO2 equivalent/cap; percentile p0p100; lpfghgi999
MEX,2019,4.7501215935,tCO2 equivalent/cap; percentile p0p100; lpfghgi999
MYS,2000,6.5726971626,tCO2 equivalent/cap; percentile p0p100; lpfghgi999
MYS,2001,6.5826687813,tCO2 equivalent/cap; percentile p0p100; lpfghgi999
MYS,2002,6.9208836555,tCO2 equivalent/cap; percentile p0p100; lpfghgi999
MYS,2003,6.9481825829,tCO2 equivalent/cap; percentile p0p100; lpfghgi999
MYS,2004,7.190955162,tCO2 equivalent/cap; percentile p0p100; lpfghgi999
MYS,2005,7.4754538536,tCO2 equivalent/cap; percentile p0p100; lpfghgi999
MYS,2006,7.4076356888,tCO2 equivalent/cap; percentile p0p100; lpfghgi999
MYS,2007,7.5696525574,tCO2 equivalent/cap; percentile p0p100; lpfghgi999
MYS,2008,8.2349815369,tCO2 equivalent/cap; percentile p0p100; lpfghgi999
MYS,2009,7.8483791351,tCO2 equivalent/cap; percentile p0p100; lpfghgi999
MYS,2010,8.6156606674,tCO2 equivalent/cap; percentile p0p100; lpfghgi999
MYS,2011,8.6502656937,tCO2 equivalent/cap; percentile p0p100; lpfghgi999
MYS,2012,9.2001152039,tCO2 equivalent/cap; percentile p0p100; lpfghgi999
MYS,2013,10.0101852417,tCO2 equivalent/cap; percentile p0p100; lpfghgi999
MYS,2014,10.0798158646,tCO2 equivalent/cap; percentile p0p100; lpfghgi999
MYS,2015,9.843832016,tCO2 equivalent/cap; percentile p0p100; lpfghgi999
MYS,2016,9.8954534531,tCO2 equivalent/cap; percentile p0p100; lpfghgi999
MYS,2017,9.7732820511,tCO2 equivalent/cap; percentile p0p100; lpfghgi999
MYS,2018,9.8264551163,tCO2 equivalent/cap; percentile p0p100; lpfghgi999
MYS,2019,9.7337779999,tCO2 equivalent/cap; percentile p0p100; lpfghgi999
NGA,2000,1.4449309111,tCO2 equivalent/cap; percentile p0p100; lpfghgi999
NGA,2001,1.6908345222,tCO2 equivalent/cap; percentile p0p100; lpfghgi999
NGA,2002,1.6352398396,tCO2 equivalent/cap; percentile p0p100; lpfghgi999
NGA,2003,1.785670042,tCO2 equivalent/cap; percentile p0p100; lpfghgi999
NGA,2004,1.7330794334,tCO2 equivalent/cap; percentile p0p100; lpfghgi999
NGA,2005,1.7838408947,tCO2 equivalent/cap; percentile p0p100; lpfghgi999
NGA,2006,1.5913044214,tCO2 equivalent/cap; percentile p0p100; lpfghgi999
NGA,2007,1.6632865667,tCO2 equivalent/cap; percentile p0p100; lpfghgi999
NGA,2008,1.6229554415,tCO2 equivalent/cap; percentile p0p100; lpfghgi999
NGA,2009,1.5381861925,tCO2 equivalent/cap; percentile p0p100; lpfghgi999
NGA,2010,1.6515311003,tCO2 equivalent/cap; percentile p0p100; lpfghgi999
NGA,2011,1.667522788,tCO2 equivalent/cap; percentile p0p100; lpfghgi999
NGA,2012,1.5937680006,tCO2 equivalent/cap; percentile p0p100; lpfghgi999
NGA,2013,1.7338768244,tCO2 equivalent/cap; percentile p0p100; lpfghgi999
NGA,2014,1.6886745691,tCO2 equivalent/cap; percentile p0p100; lpfghgi999
NGA,2015,1.6495571136,tCO2 equivalent/cap; percentile p0p100; lpfghgi999
NGA,2016,1.6578783989,tCO2 equivalent/cap; percentile p0p100; lpfghgi999
NGA,2017,1.6598776579,tCO2 equivalent/cap; percentile p0p100; lpfghgi999
NGA,2018,1.5941513777,tCO2 equivalent/cap; percentile p0p100; lpfghgi999
NGA,2019,1.5988824368,tCO2 equivalent/cap; percentile p0p100; lpfghgi999
NLD,2000,12.1725788116,tCO2 equivalent/cap; percentile p0p100; lpfghgi999
NLD,2001,11.8197040558,tCO2 equivalent/cap; percentile p0p100; lpfghgi999
NLD,2002,12.447010994,tCO2 equivalent/cap; percentile p0p100; lpfghgi999
NLD,2003,14.7501983643,tCO2 equivalent/cap; percentile p0p100; lpfghgi999
NLD,2004,14.8023090363,tCO2 equivalent/cap; percentile p0p100; lpfghgi999
NLD,2005,14.7950134277,tCO2 equivalent/cap; percentile p0p100; lpfghgi999
NLD,2006,16.4743595123,tCO2 equivalent/cap; percentile p0p100; lpfghgi999
NLD,2007,14.0845050812,tCO2 equivalent/cap; percentile p0p100; lpfghgi999
NLD,2008,14.0839891434,tCO2 equivalent/cap; percentile p0p100; lpfghgi999
NLD,2009,13.5630655289,tCO2 equivalent/cap; percentile p0p100; lpfghgi999
NLD,2010,13.7866153717,tCO2 equivalent/cap; percentile p0p100; lpfghgi999
NLD,2011,12.6781129837,tCO2 equivalent/cap; percentile p0p100; lpfghgi999
NLD,2012,12.39594841,tCO2 equivalent/cap; percentile p0p100; lpfghgi999
NLD,2013,12.0420732498,tCO2 equivalent/cap; percentile p0p100; lpfghgi999
NLD,2014,11.7438650131,tCO2 equivalent/cap; percentile p0p100; lpfghgi999
NLD,2015,11.6711263657,tCO2 equivalent/cap; percentile p0p100; lpfghgi999
NLD,2016,11.3974332809,tCO2 equivalent/cap; percentile p0p100; lpfghgi999
NLD,2017,11.3178310394,tCO2 equivalent/cap; percentile p0p100; lpfghgi999
NLD,2018,11.407957077,tCO2 equivalent/cap; percentile p0p100; lpfghgi999
NLD,2019,11.0031423569,tCO2 equivalent/cap; percentile p0p100; lpfghgi999
NOR,2000,11.9020662308,tCO2 equivalent/cap; percentile p0p100; lpfghgi999
NOR,2001,11.8383636475,tCO2 equivalent/cap; percentile p0p100; lpfghgi999
NOR,2002,12.152923584,tCO2 equivalent/cap; percentile p0p100; lpfghgi999
NOR,2003,13.4071531296,tCO2 equivalent/cap; percentile p0p100; lpfghgi999
NOR,2004,13.1737775803,tCO2 equivalent/cap; percentile p0p100; lpfghgi999
NOR,2005,13.4300451279,tCO2 equivalent/cap; percentile p0p100; lpfghgi999
NOR,2006,13.8171482086,tCO2 equivalent/cap; percentile p0p100; lpfghgi999
NOR,2007,14.8985424042,tCO2 equivalent/cap; percentile p0p100; lpfghgi999
NOR,2008,14.2024698257,tCO2 equivalent/cap; percentile p0p100; lpfghgi999
NOR,2009,13.2753629684,tCO2 equivalent/cap; percentile p0p100; lpfghgi999
NOR,2010,13.6781301498,tCO2 equivalent/cap; percentile p0p100; lpfghgi999
NOR,2011,13.6344709396,tCO2 equivalent/cap; percentile p0p100; lpfghgi999
NOR,2012,13.2200078964,tCO2 equivalent/cap; percentile p0p100; lpfghgi999
NOR,2013,12.8012342453,tCO2 equivalent/cap; percentile p0p100; lpfghgi999
NOR,2014,12.6027364731,tCO2 equivalent/cap; percentile p0p100; lpfghgi999
NOR,2015,12.4955358505,tCO2 equivalent/cap; percentile p0p100; lpfghgi999
NOR,2016,12.4586229324,tCO2 equivalent/cap; percentile p0p100; lpfghgi999
NOR,2017,12.2636451721,tCO2 equivalent/cap; percentile p0p100; lpfghgi999
NOR,2018,12.0547838211,tCO2 equivalent/cap; percentile p0p100; lpfghgi999
NOR,2019,11.5873470306,tCO2 equivalent/cap; percentile p0p100; lpfghgi999
NZL,2000,16.3875713348,tCO2 equivalent/cap; percentile p0p100; lpfghgi999
NZL,2001,16.6109600067,tCO2 equivalent/cap; percentile p0p100; lpfghgi999
NZL,2002,16.8481693268,tCO2 equivalent/cap; percentile p0p100; lpfghgi999
NZL,2003,17.4373645782,tCO2 equivalent/cap; percentile p0p100; lpfghgi999
NZL,2004,17.7902259827,tCO2 equivalent/cap; percentile p0p100; lpfghgi999
NZL,2005,18.2637023926,tCO2 equivalent/cap; percentile p0p100; lpfghgi999
NZL,2006,17.3042926788,tCO2 equivalent/cap; percentile p0p100; lpfghgi999
NZL,2007,17.1990776062,tCO2 equivalent/cap; percentile p0p100; lpfghgi999
NZL,2008,16.8066520691,tCO2 equivalent/cap; percentile p0p100; lpfghgi999
NZL,2009,15.273525238,tCO2 equivalent/cap; percentile p0p100; lpfghgi999
NZL,2010,15.2651062012,tCO2 equivalent/cap; percentile p0p100; lpfghgi999
NZL,2011,15.3253002167,tCO2 equivalent/cap; percentile p0p100; lpfghgi999
NZL,2012,15.5819988251,tCO2 equivalent/cap; percentile p0p100; lpfghgi999
NZL,2013,15.420085907,tCO2 equivalent/cap; percentile p0p100; lpfghgi999
NZL,2014,15.3964281082,tCO2 equivalent/cap; percentile p0p100; lpfghgi999
NZL,2015,15.1522760391,tCO2 equivalent/cap; percentile p0p100; lpfghgi999
NZL,2016,14.6296825409,tCO2 equivalent/cap; percentile p0p100; lpfghgi999
NZL,2017,14.9907274246,tCO2 equivalent/cap; percentile p0p100; lpfghgi999
NZL,2018,14.7859754562,tCO2 equivalent/cap; percentile p0p100; lpfghgi999
NZL,2019,15.2730731964,tCO2 equivalent/cap; percentile p0p100; lpfghgi999
PAK,2000,1.640261054,tCO2 equivalent/cap; percentile p0p100; lpfghgi999
PAK,2001,1.6072968245,tCO2 equivalent/cap; percentile p0p100; lpfghgi999
PAK,2002,1.6279606819,tCO2 equivalent/cap; percentile p0p100; lpfghgi999
PAK,2003,1.6213676929,tCO2 equivalent/cap; percentile p0p100; lpfghgi999
PAK,2004,1.6977138519,tCO2 equivalent/cap; percentile p0p100; lpfghgi999
PAK,2005,1.7647237778,tCO2 equivalent/cap; percentile p0p100; lpfghgi999
PAK,2006,1.8312660456,tCO2 equivalent/cap; percentile p0p100; lpfghgi999
PAK,2007,1.8441535234,tCO2 equivalent/cap; percentile p0p100; lpfghgi999
PAK,2008,1.8216304779,tCO2 equivalent/cap; percentile p0p100; lpfghgi999
PAK,2009,1.8230310678,tCO2 equivalent/cap; percentile p0p100; lpfghgi999
PAK,2010,1.7593718767,tCO2 equivalent/cap; percentile p0p100; lpfghgi999
PAK,2011,1.754027009,tCO2 equivalent/cap; percentile p0p100; lpfghgi999
PAK,2012,1.7385948896,tCO2 equivalent/cap; percentile p0p100; lpfghgi999
PAK,2013,1.7270901203,tCO2 equivalent/cap; percentile p0p100; lpfghgi999
PAK,2014,1.7251980305,tCO2 equivalent/cap; percentile p0p100; lpfghgi999
PAK,2015,1.7912306786,tCO2 equivalent/cap; percentile p0p100; lpfghgi999
PAK,2016,2.0543637276,tCO2 equivalent/cap; percentile p0p100; lpfghgi999
PAK,2017,2.2926974297,tCO2 equivalent/cap; percentile p0p100; lpfghgi999
PAK,2018,2.3798229694,tCO2 equivalent/cap; percentile p0p100; lpfghgi999
PAK,2019,2.3455138206,tCO2 equivalent/cap; percentile p0p100; lpfghgi999
PER,2000,2.4475557804,tCO2 equivalent/cap; percentile p0p100; lpfghgi999
PER,2001,2.285217762,tCO2 equivalent/cap; percentile p0p100; lpfghgi999
PER,2002,2.3708901405,tCO2 equivalent/cap; percentile p0p100; lpfghgi999
PER,2003,2.2343025208,tCO2 equivalent/cap; percentile p0p100; lpfghgi999
PER,2004,2.3409385681,tCO2 equivalent/cap; percentile p0p100; lpfghgi999
PER,2005,2.5109157562,tCO2 equivalent/cap; percentile p0p100; lpfghgi999
PER,2006,2.3230445385,tCO2 equivalent/cap; percentile p0p100; lpfghgi999
PER,2007,2.5327959061,tCO2 equivalent/cap; percentile p0p100; lpfghgi999
PER,2008,2.9332234859,tCO2 equivalent/cap; percentile p0p100; lpfghgi999
PER,2009,3.0279130936,tCO2 equivalent/cap; percentile p0p100; lpfghgi999
PER,2010,3.3551864624,tCO2 equivalent/cap; percentile p0p100; lpfghgi999
PER,2011,3.2123587132,tCO2 equivalent/cap; percentile p0p100; lpfghgi999
PER,2012,3.4359185696,tCO2 equivalent/cap; percentile p0p100; lpfghgi999
PER,2013,3.1832177639,tCO2 equivalent/cap; percentile p0p100; lpfghgi999
PER,2014,3.331756115,tCO2 equivalent/cap; percentile p0p100; lpfghgi999
PER,2015,3.2713398933,tCO2 equivalent/cap; percentile p0p100; lpfghgi999
PER,2016,3.2963652611,tCO2 equivalent/cap; percentile p0p100; lpfghgi999
PER,2017,3.227540493,tCO2 equivalent/cap; percentile p0p100; lpfghgi999
PER,2018,3.2766196728,tCO2 equivalent/cap; percentile p0p100; lpfghgi999
PER,2019,3.2432699203,tCO2 equivalent/cap; percentile p0p100; lpfghgi999
PHL,2000,1.8578259945,tCO2 equivalent/cap; percentile p0p100; lpfghgi999
PHL,2001,1.7861620188,tCO2 equivalent/cap; percentile p0p100; lpfghgi999
PHL,2002,1.7423707247,tCO2 equivalent/cap; percentile p0p100; lpfghgi999
PHL,2003,1.7611409426,tCO2 equivalent/cap; percentile p0p100; lpfghgi999
PHL,2004,1.7066828012,tCO2 equivalent/cap; percentile p0p100; lpfghgi999
PHL,2005,1.7068787813,tCO2 equivalent/cap; percentile p0p100; lpfghgi999
PHL,2006,1.5953379869,tCO2 equivalent/cap; percentile p0p100; lpfghgi999
PHL,2007,1.6329762936,tCO2 equivalent/cap; percentile p0p100; lpfghgi999
PHL,2008,1.7037718296,tCO2 equivalent/cap; percentile p0p100; lpfghgi999
PHL,2009,1.6512765884,tCO2 equivalent/cap; percentile p0p100; lpfghgi999
PHL,2010,1.7267738581,tCO2 equivalent/cap; percentile p0p100; lpfghgi999
PHL,2011,1.7266662121,tCO2 equivalent/cap; percentile p0p100; lpfghgi999
PHL,2012,1.7894343138,tCO2 equivalent/cap; percentile p0p100; lpfghgi999
PHL,2013,1.8821929693,tCO2 equivalent/cap; percentile p0p100; lpfghgi999
PHL,2014,1.8974541426,tCO2 equivalent/cap; percentile p0p100; lpfghgi999
PHL,2015,1.9406362772,tCO2 equivalent/cap; percentile p0p100; lpfghgi999
PHL,2016,2.0017831326,tCO2 equivalent/cap; percentile p0p100; lpfghgi999
PHL,2017,2.1058900356,tCO2 equivalent/cap; percentile p0p100; lpfghgi999
PHL,2018,2.1409854889,tCO2 equivalent/cap; percentile p0p100; lpfghgi999
PHL,2019,2.1931312084,tCO2 equivalent/cap; percentile p0p100; lpfghgi999
POL,2000,9.4228038788,tCO2 equivalent/cap; percentile p0p100; lpfghgi999
POL,2001,9.3271474838,tCO2 equivalent/cap; percentile p0p100; lpfghgi999
POL,2002,9.0887918472,tCO2 equivalent/cap; percentile p0p100; lpfghgi999
POL,2003,9.1117544174,tCO2 equivalent/cap; percentile p0p100; lpfghgi999
POL,2004,9.3186292648,tCO2 equivalent/cap; percentile p0p100; lpfghgi999
POL,2005,9.3399066925,tCO2 equivalent/cap; percentile p0p100; lpfghgi999
POL,2006,9.8801259995,tCO2 equivalent/cap; percentile p0p100; lpfghgi999
POL,2007,10.208521843,tCO2 equivalent/cap; percentile p0p100; lpfghgi999
POL,2008,10.325630188,tCO2 equivalent/cap; percentile p0p100; lpfghgi999
POL,2009,9.7472267151,tCO2 equivalent/cap; percentile p0p100; lpfghgi999
POL,2010,10.2458810806,tCO2 equivalent/cap; percentile p0p100; lpfghgi999
POL,2011,10.3431072235,tCO2 equivalent/cap; percentile p0p100; lpfghgi999
POL,2012,10.1254730225,tCO2 equivalent/cap; percentile p0p100; lpfghgi999
POL,2013,9.8273391724,tCO2 equivalent/cap; percentile p0p100; lpfghgi999
POL,2014,9.5625715256,tCO2 equivalent/cap; percentile p0p100; lpfghgi999
POL,2015,9.5173940659,tCO2 equivalent/cap; percentile p0p100; lpfghgi999
POL,2016,9.539814949,tCO2 equivalent/cap; percentile p0p100; lpfghgi999
POL,2017,9.8045110703,tCO2 equivalent/cap; percentile p0p100; lpfghgi999
POL,2018,9.8780260086,tCO2 equivalent/cap; percentile p0p100; lpfghgi999
POL,2019,9.4453935623,tCO2 equivalent/cap; percentile p0p100; lpfghgi999
PRT,2000,9.8404436111,tCO2 equivalent/cap; percentile p0p100; lpfghgi999
PRT,2001,9.5929021835,tCO2 equivalent/cap; percentile p0p100; lpfghgi999
PRT,2002,9.8493251801,tCO2 equivalent/cap; percentile p0p100; lpfghgi999
PRT,2003,9.5072984695,tCO2 equivalent/cap; percentile p0p100; lpfghgi999
PRT,2004,9.9916963577,tCO2 equivalent/cap; percentile p0p100; lpfghgi999
PRT,2005,10.1454429626,tCO2 equivalent/cap; percentile p0p100; lpfghgi999
PRT,2006,9.7192850113,tCO2 equivalent/cap; percentile p0p100; lpfghgi999
PRT,2007,9.2170171738,tCO2 equivalent/cap; percentile p0p100; lpfghgi999
PRT,2008,9.02044487,tCO2 equivalent/cap; percentile p0p100; lpfghgi999
PRT,2009,8.2452983856,tCO2 equivalent/cap; percentile p0p100; lpfghgi999
PRT,2010,8.0362014771,tCO2 equivalent/cap; percentile p0p100; lpfghgi999
PRT,2011,7.7261857986,tCO2 equivalent/cap; percentile p0p100; lpfghgi999
PRT,2012,7.1915578842,tCO2 equivalent/cap; percentile p0p100; lpfghgi999
PRT,2013,6.996863842,tCO2 equivalent/cap; percentile p0p100; lpfghgi999
PRT,2014,7.0388188362,tCO2 equivalent/cap; percentile p0p100; lpfghgi999
PRT,2015,7.2224807739,tCO2 equivalent/cap; percentile p0p100; lpfghgi999
PRT,2016,7.0263772011,tCO2 equivalent/cap; percentile p0p100; lpfghgi999
PRT,2017,7.4503555298,tCO2 equivalent/cap; percentile p0p100; lpfghgi999
PRT,2018,7.3110084534,tCO2 equivalent/cap; percentile p0p100; lpfghgi999
PRT,2019,6.9215779305,tCO2 equivalent/cap; percentile p0p100; lpfghgi999
ROU,2000,5.443359375,tCO2 equivalent/cap; percentile p0p100; lpfghgi999
ROU,2001,5.6845221519,tCO2 equivalent/cap; percentile p0p100; lpfghgi999
ROU,2002,5.8120951653,tCO2 equivalent/cap; percentile p0p100; lpfghgi999
ROU,2003,6.1446013451,tCO2 equivalent/cap; percentile p0p100; lpfghgi999
ROU,2004,6.3416552544,tCO2 equivalent/cap; percentile p0p100; lpfghgi999
ROU,2005,6.861644268,tCO2 equivalent/cap; percentile p0p100; lpfghgi999
ROU,2006,7.4983239174,tCO2 equivalent/cap; percentile p0p100; lpfghgi999
ROU,2007,7.3757185936,tCO2 equivalent/cap; percentile p0p100; lpfghgi999
ROU,2008,7.4765110016,tCO2 equivalent/cap; percentile p0p100; lpfghgi999
ROU,2009,6.1895365715,tCO2 equivalent/cap; percentile p0p100; lpfghgi999
ROU,2010,6.1515369415,tCO2 equivalent/cap; percentile p0p100; lpfghgi999
ROU,2011,6.3496637344,tCO2 equivalent/cap; percentile p0p100; lpfghgi999
ROU,2012,6.0438923836,tCO2 equivalent/cap; percentile p0p100; lpfghgi999
ROU,2013,5.6026368141,tCO2 equivalent/cap; percentile p0p100; lpfghgi999
ROU,2014,5.6101455688,tCO2 equivalent/cap; percentile p0p100; lpfghgi999
ROU,2015,5.6259679794,tCO2 equivalent/cap; percentile p0p100; lpfghgi999
ROU,2016,5.5434632301,tCO2 equivalent/cap; percentile p0p100; lpfghgi999
ROU,2017,5.796649456,tCO2 equivalent/cap; percentile p0p100; lpfghgi999
ROU,2018,5.8561611176,tCO2 equivalent/cap; percentile p0p100; lpfghgi999
ROU,2019,5.7557935715,tCO2 equivalent/cap; percentile p0p100; lpfghgi999
RUS,2000,9.0971870422,tCO2 equivalent/cap; percentile p0p100; lpfghgi999
RUS,2001,10.0583667755,tCO2 equivalent/cap; percentile p0p100; lpfghgi999
RUS,2002,10.131518364,tCO2 equivalent/cap; percentile p0p100; lpfghgi999
RUS,2003,10.7031011581,tCO2 equivalent/cap; percentile p0p100; lpfghgi999
RUS,2004,10.8727817535,tCO2 equivalent/cap; percentile p0p100; lpfghgi999
RUS,2005,11.0929775238,tCO2 equivalent/cap; percentile p0p100; lpfghgi999
RUS,2006,11.3308897018,tCO2 equivalent/cap; percentile p0p100; lpfghgi999
RUS,2007,11.9048223495,tCO2 equivalent/cap; percentile p0p100; lpfghgi999
RUS,2008,12.1559419632,tCO2 equivalent/cap; percentile p0p100; lpfghgi999
RUS,2009,11.485994339,tCO2 equivalent/cap; percentile p0p100; lpfghgi999
RUS,2010,12.0049619675,tCO2 equivalent/cap; percentile p0p100; lpfghgi999
RUS,2011,12.672121048,tCO2 equivalent/cap; percentile p0p100; lpfghgi999
RUS,2012,13.0937356949,tCO2 equivalent/cap; percentile p0p100; lpfghgi999
RUS,2013,12.8162469864,tCO2 equivalent/cap; percentile p0p100; lpfghgi999
RUS,2014,12.6636400223,tCO2 equivalent/cap; percentile p0p100; lpfghgi999
RUS,2015,12.2010555267,tCO2 equivalent/cap; percentile p0p100; lpfghgi999
RUS,2016,12.4591150284,tCO2 equivalent/cap; percentile p0p100; lpfghgi999
RUS,2017,12.6485881805,tCO2 equivalent/cap; percentile p0p100; lpfghgi999
RUS,2018,12.3730373383,tCO2 equivalent/cap; percentile p0p100; lpfghgi999
RUS,2019,12.2662963867,tCO2 equivalent/cap; percentile p0p100; lpfghgi999
SAU,2000,13.1776294708,tCO2 equivalent/cap; percentile p0p100; lpfghgi999
SAU,2001,13.6267118454,tCO2 equivalent/cap; percentile p0p100; lpfghgi999
SAU,2002,14.0599832535,tCO2 equivalent/cap; percentile p0p100; lpfghgi999
SAU,2003,17.7604217529,tCO2 equivalent/cap; percentile p0p100; lpfghgi999
SAU,2004,19.297706604,tCO2 equivalent/cap; percentile p0p100; lpfghgi999
SAU,2005,19.0038757324,tCO2 equivalent/cap; percentile p0p100; lpfghgi999
SAU,2006,20.7917060852,tCO2 equivalent/cap; percentile p0p100; lpfghgi999
SAU,2007,18.8394699097,tCO2 equivalent/cap; percentile p0p100; lpfghgi999
SAU,2008,20.1394691467,tCO2 equivalent/cap; percentile p0p100; lpfghgi999
SAU,2009,21.1848373413,tCO2 equivalent/cap; percentile p0p100; lpfghgi999
SAU,2010,22.5535259247,tCO2 equivalent/cap; percentile p0p100; lpfghgi999
SAU,2011,21.2893066406,tCO2 equivalent/cap; percentile p0p100; lpfghgi999
SAU,2012,22.702709198,tCO2 equivalent/cap; percentile p0p100; lpfghgi999
SAU,2013,22.7452220917,tCO2 equivalent/cap; percentile p0p100; lpfghgi999
SAU,2014,24.1587219238,tCO2 equivalent/cap; percentile p0p100; lpfghgi999
SAU,2015,25.8111743927,tCO2 equivalent/cap; percentile p0p100; lpfghgi999
SAU,2016,22.4862041473,tCO2 equivalent/cap; percentile p0p100; lpfghgi999
SAU,2017,22.3162212372,tCO2 equivalent/cap; percentile p0p100; lpfghgi999
SAU,2018,21.6303157806,tCO2 equivalent/cap; percentile p0p100; lpfghgi999
SAU,2019,21.4720878601,tCO2 equivalent/cap; percentile p0p100; lpfghgi999
SGP,2000,36.2672042847,tCO2 equivalent/cap; percentile p0p100; lpfghgi999
SGP,2001,30.325756073,tCO2 equivalent/cap; percentile p0p100; lpfghgi999
SGP,2002,29.3871650696,tCO2 equivalent/cap; percentile p0p100; lpfghgi999
SGP,2003,31.6678180695,tCO2 equivalent/cap; percentile p0p100; lpfghgi999
SGP,2004,33.1761322021,tCO2 equivalent/cap; percentile p0p100; lpfghgi999
SGP,2005,38.3234596252,tCO2 equivalent/cap; percentile p0p100; lpfghgi999
SGP,2006,44.2564201355,tCO2 equivalent/cap; percentile p0p100; lpfghgi999
SGP,2007,30.3707771301,tCO2 equivalent/cap; percentile p0p100; lpfghgi999
SGP,2008,31.558965683,tCO2 equivalent/cap; percentile p0p100; lpfghgi999
SGP,2009,28.1123847961,tCO2 equivalent/cap; percentile p0p100; lpfghgi999
SGP,2010,28.9580783844,tCO2 equivalent/cap; percentile p0p100; lpfghgi999
SGP,2011,27.5375518799,tCO2 equivalent/cap; percentile p0p100; lpfghgi999
SGP,2012,29.2620697021,tCO2 equivalent/cap; percentile p0p100; lpfghgi999
SGP,2013,28.4478130341,tCO2 equivalent/cap; percentile p0p100; lpfghgi999
SGP,2014,27.9546375275,tCO2 equivalent/cap; percentile p0p100; lpfghgi999
SGP,2015,26.6441345215,tCO2 equivalent/cap; percentile p0p100; lpfghgi999
SGP,2016,24.4660282135,tCO2 equivalent/cap; percentile p0p100; lpfghgi999
SGP,2017,24.7334499359,tCO2 equivalent/cap; percentile p0p100; lpfghgi999
SGP,2018,25.0316638947,tCO2 equivalent/cap; percentile p0p100; lpfghgi999
SGP,2019,25.2556743622,tCO2 equivalent/cap; percentile p0p100; lpfghgi999
SVK,2000,10.0306596756,tCO2 equivalent/cap; percentile p0p100; lpfghgi999
SVK,2001,10.4063549042,tCO2 equivalent/cap; percentile p0p100; lpfghgi999
SVK,2002,10.2855100632,tCO2 equivalent/cap; percentile p0p100; lpfghgi999
SVK,2003,10.0849781036,tCO2 equivalent/cap; percentile p0p100; lpfghgi999
SVK,2004,10.182808876,tCO2 equivalent/cap; percentile p0p100; lpfghgi999
SVK,2005,10.3056030273,tCO2 equivalent/cap; percentile p0p100; lpfghgi999
SVK,2006,11.0341644287,tCO2 equivalent/cap; percentile p0p100; lpfghgi999
SVK,2007,11.181063652,tCO2 equivalent/cap; percentile p0p100; lpfghgi999
SVK,2008,11.8817882538,tCO2 equivalent/cap; percentile p0p100; lpfghgi999
SVK,2009,10.6917448044,tCO2 equivalent/cap; percentile p0p100; lpfghgi999
SVK,2010,11.1103534698,tCO2 equivalent/cap; percentile p0p100; lpfghgi999
SVK,2011,11.2698249817,tCO2 equivalent/cap; percentile p0p100; lpfghgi999
SVK,2012,10.536034584,tCO2 equivalent/cap; percentile p0p100; lpfghgi999
SVK,2013,10.5753822327,tCO2 equivalent/cap; percentile p0p100; lpfghgi999
SVK,2014,10.4137983322,tCO2 equivalent/cap; percentile p0p100; lpfghgi999
SVK,2015,10.5297651291,tCO2 equivalent/cap; percentile p0p100; lpfghgi999
SVK,2016,10.3966159821,tCO2 equivalent/cap; percentile p0p100; lpfghgi999
SVK,2017,10.6625137329,tCO2 equivalent/cap; percentile p0p100; lpfghgi999
SVK,2018,10.8638162613,tCO2 equivalent/cap; percentile p0p100; lpfghgi999
SVK,2019,10.0217676163,tCO2 equivalent/cap; percentile p0p100; lpfghgi999
SVN,2000,11.6015424728,tCO2 equivalent/cap; percentile p0p100; lpfghgi999
SVN,2001,11.3101139069,tCO2 equivalent/cap; percentile p0p100; lpfghgi999
SVN,2002,11.4203214645,tCO2 equivalent/cap; percentile p0p100; lpfghgi999
SVN,2003,11.4339189529,tCO2 equivalent/cap; percentile p0p100; lpfghgi999
SVN,2004,11.4196243286,tCO2 equivalent/cap; percentile p0p100; lpfghgi999
SVN,2005,11.6470947266,tCO2 equivalent/cap; percentile p0p100; lpfghgi999
SVN,2006,12.5945692062,tCO2 equivalent/cap; percentile p0p100; lpfghgi999
SVN,2007,12.9079465866,tCO2 equivalent/cap; percentile p0p100; lpfghgi999
SVN,2008,13.1990289688,tCO2 equivalent/cap; percentile p0p100; lpfghgi999
SVN,2009,11.6157226562,tCO2 equivalent/cap; percentile p0p100; lpfghgi999
SVN,2010,12.1123027802,tCO2 equivalent/cap; percentile p0p100; lpfghgi999
SVN,2011,13.0826406479,tCO2 equivalent/cap; percentile p0p100; lpfghgi999
SVN,2012,11.4386444092,tCO2 equivalent/cap; percentile p0p100; lpfghgi999
SVN,2013,11.0638237,tCO2 equivalent/cap; percentile p0p100; lpfghgi999
SVN,2014,10.4051475525,tCO2 equivalent/cap; percentile p0p100; lpfghgi999
SVN,2015,10.4268188477,tCO2 equivalent/cap; percentile p0p100; lpfghgi999
SVN,2016,10.5776023865,tCO2 equivalent/cap; percentile p0p100; lpfghgi999
SVN,2017,10.6310253143,tCO2 equivalent/cap; percentile p0p100; lpfghgi999
SVN,2018,10.7630662918,tCO2 equivalent/cap; percentile p0p100; lpfghgi999
SVN,2019,10.1711673737,tCO2 equivalent/cap; percentile p0p100; lpfghgi999
SWE,2000,11.8574066162,tCO2 equivalent/cap; percentile p0p100; lpfghgi999
SWE,2001,11.1069221497,tCO2 equivalent/cap; percentile p0p100; lpfghgi999
SWE,2002,11.336473465,tCO2 equivalent/cap; percentile p0p100; lpfghgi999
SWE,2003,11.9575090408,tCO2 equivalent/cap; percentile p0p100; lpfghgi999
SWE,2004,12.1060686111,tCO2 equivalent/cap; percentile p0p100; lpfghgi999
SWE,2005,11.8953933716,tCO2 equivalent/cap; percentile p0p100; lpfghgi999
SWE,2006,12.1099224091,tCO2 equivalent/cap; percentile p0p100; lpfghgi999
SWE,2007,12.282078743,tCO2 equivalent/cap; percentile p0p100; lpfghgi999
SWE,2008,11.7563285828,tCO2 equivalent/cap; percentile p0p100; lpfghgi999
SWE,2009,9.9826831818,tCO2 equivalent/cap; percentile p0p100; lpfghgi999
SWE,2010,11.280380249,tCO2 equivalent/cap; percentile p0p100; lpfghgi999
SWE,2011,10.9642076492,tCO2 equivalent/cap; percentile p0p100; lpfghgi999
SWE,2012,10.463341713,tCO2 equivalent/cap; percentile p0p100; lpfghgi999
SWE,2013,10.0466060638,tCO2 equivalent/cap; percentile p0p100; lpfghgi999
SWE,2014,9.7911577225,tCO2 equivalent/cap; percentile p0p100; lpfghgi999
SWE,2015,9.4893808365,tCO2 equivalent/cap; percentile p0p100; lpfghgi999
SWE,2016,9.2972898483,tCO2 equivalent/cap; percentile p0p100; lpfghgi999
SWE,2017,9.3283929825,tCO2 equivalent/cap; percentile p0p100; lpfghgi999
SWE,2018,9.3480491638,tCO2 equivalent/cap; percentile p0p100; lpfghgi999
SWE,2019,9.5102214813,tCO2 equivalent/cap; percentile p0p100; lpfghgi999
THA,2000,3.4971776009,tCO2 equivalent/cap; percentile p0p100; lpfghgi999
THA,2001,3.5938365459,tCO2 equivalent/cap; percentile p0p100; lpfghgi999
THA,2002,3.5773665905,tCO2 equivalent/cap; percentile p0p100; lpfghgi999
THA,2003,3.9340081215,tCO2 equivalent/cap; percentile p0p100; lpfghgi999
THA,2004,4.2701935768,tCO2 equivalent/cap; percentile p0p100; lpfghgi999
THA,2005,4.3864946365,tCO2 equivalent/cap; percentile p0p100; lpfghgi999
THA,2006,4.3922333717,tCO2 equivalent/cap; percentile p0p100; lpfghgi999
THA,2007,4.4675579071,tCO2 equivalent/cap; percentile p0p100; lpfghgi999
THA,2008,4.6262574196,tCO2 equivalent/cap; percentile p0p100; lpfghgi999
THA,2009,4.5853805542,tCO2 equivalent/cap; percentile p0p100; lpfghgi999
THA,2010,5.0391340256,tCO2 equivalent/cap; percentile p0p100; lpfghgi999
THA,2011,5.1120390892,tCO2 equivalent/cap; percentile p0p100; lpfghgi999
THA,2012,5.4006781578,tCO2 equivalent/cap; percentile p0p100; lpfghgi999
THA,2013,5.5313444138,tCO2 equivalent/cap; percentile p0p100; lpfghgi999
THA,2014,5.3740501404,tCO2 equivalent/cap; percentile p0p100; lpfghgi999
THA,2015,5.2810611725,tCO2 equivalent/cap; percentile p0p100; lpfghgi999
THA,2016,5.1356101036,tCO2 equivalent/cap; percentile p0p100; lpfghgi999
THA,2017,5.2390351295,tCO2 equivalent/cap; percentile p0p100; lpfghgi999
THA,2018,5.4216222763,tCO2 equivalent/cap; percentile p0p100; lpfghgi999
THA,2019,5.3290805817,tCO2 equivalent/cap; percentile p0p100; lpfghgi999
TUR,2000,5.4593634605,tCO2 equivalent/cap; percentile p0p100; lpfghgi999
TUR,2001,4.4159045219,tCO2 equivalent/cap; percentile p0p100; lpfghgi999
TUR,2002,4.7139015198,tCO2 equivalent/cap; percentile p0p100; lpfghgi999
TUR,2003,4.9695048332,tCO2 equivalent/cap; percentile p0p100; lpfghgi999
TUR,2004,5.3222742081,tCO2 equivalent/cap; percentile p0p100; lpfghgi999
TUR,2005,5.6872839928,tCO2 equivalent/cap; percentile p0p100; lpfghgi999
TUR,2006,5.9431180954,tCO2 equivalent/cap; percentile p0p100; lpfghgi999
TUR,2007,6.5575213432,tCO2 equivalent/cap; percentile p0p100; lpfghgi999
TUR,2008,6.4071998596,tCO2 equivalent/cap; percentile p0p100; lpfghgi999
TUR,2009,5.9608764648,tCO2 equivalent/cap; percentile p0p100; lpfghgi999
TUR,2010,6.3872790337,tCO2 equivalent/cap; percentile p0p100; lpfghgi999
TUR,2011,6.6929192543,tCO2 equivalent/cap; percentile p0p100; lpfghgi999
TUR,2012,6.7212400436,tCO2 equivalent/cap; percentile p0p100; lpfghgi999
TUR,2013,6.6737346649,tCO2 equivalent/cap; percentile p0p100; lpfghgi999
TUR,2014,6.671681881,tCO2 equivalent/cap; percentile p0p100; lpfghgi999
TUR,2015,6.6433777809,tCO2 equivalent/cap; percentile p0p100; lpfghgi999
TUR,2016,6.7913651466,tCO2 equivalent/cap; percentile p0p100; lpfghgi999
TUR,2017,6.9349780083,tCO2 equivalent/cap; percentile p0p100; lpfghgi999
TUR,2018,6.6032476425,tCO2 equivalent/cap; percentile p0p100; lpfghgi999
TUR,2019,6.2983798981,tCO2 equivalent/cap; percentile p0p100; lpfghgi999
URY,2000,9.0154008865,tCO2 equivalent/cap; percentile p0p100; lpfghgi999
URY,2001,9.1783876419,tCO2 equivalent/cap; percentile p0p100; lpfghgi999
URY,2002,9.2225036621,tCO2 equivalent/cap; percentile p0p100; lpfghgi999
URY,2003,8.9924955368,tCO2 equivalent/cap; percentile p0p100; lpfghgi999
URY,2004,9.2271242142,tCO2 equivalent/cap; percentile p0p100; lpfghgi999
URY,2005,9.8401632309,tCO2 equivalent/cap; percentile p0p100; lpfghgi999
URY,2006,10.7118835449,tCO2 equivalent/cap; percentile p0p100; lpfghgi999
URY,2007,10.5688791275,tCO2 equivalent/cap; percentile p0p100; lpfghgi999
URY,2008,11.647901535,tCO2 equivalent/cap; percentile p0p100; lpfghgi999
URY,2009,10.7469902039,tCO2 equivalent/cap; percentile p0p100; lpfghgi999
URY,2010,10.0413341522,tCO2 equivalent/cap; percentile p0p100; lpfghgi999
URY,2011,11.3100557327,tCO2 equivalent/cap; percentile p0p100; lpfghgi999
URY,2012,12.5090389252,tCO2 equivalent/cap; percentile p0p100; lpfghgi999
URY,2013,11.7377691269,tCO2 equivalent/cap; percentile p0p100; lpfghgi999
URY,2014,10.9268045425,tCO2 equivalent/cap; percentile p0p100; lpfghgi999
URY,2015,10.597070694,tCO2 equivalent/cap; percentile p0p100; lpfghgi999
URY,2016,10.2983999252,tCO2 equivalent/cap; percentile p0p100; lpfghgi999
URY,2017,10.1440925598,tCO2 equivalent/cap; percentile p0p100; lpfghgi999
URY,2018,10.5979537964,tCO2 equivalent/cap; percentile p0p100; lpfghgi999
URY,2019,10.7731618881,tCO2 equivalent/cap; percentile p0p100; lpfghgi999
USA,2000,27.5066776276,tCO2 equivalent/cap; percentile p0p100; lpfghgi999
USA,2001,26.7928771973,tCO2 equivalent/cap; percentile p0p100; lpfghgi999
USA,2002,26.9440593719,tCO2 equivalent/cap; percentile p0p100; lpfghgi999
USA,2003,26.9311332703,tCO2 equivalent/cap; percentile p0p100; lpfghgi999
USA,2004,27.5495834351,tCO2 equivalent/cap; percentile p0p100; lpfghgi999
USA,2005,27.4302806854,tCO2 equivalent/cap; percentile p0p100; lpfghgi999
USA,2006,27.2019405365,tCO2 equivalent/cap; percentile p0p100; lpfghgi999
USA,2007,26.9723949432,tCO2 equivalent/cap; percentile p0p100; lpfghgi999
USA,2008,25.6428356171,tCO2 equivalent/cap; percentile p0p100; lpfghgi999
USA,2009,23.4028739929,tCO2 equivalent/cap; percentile p0p100; lpfghgi999
USA,2010,23.9715251923,tCO2 equivalent/cap; percentile p0p100; lpfghgi999
USA,2011,23.559961319,tCO2 equivalent/cap; percentile p0p100; lpfghgi999
USA,2012,22.5651836395,tCO2 equivalent/cap; percentile p0p100; lpfghgi999
USA,2013,22.7046279907,tCO2 equivalent/cap; percentile p0p100; lpfghgi999
USA,2014,22.6159191132,tCO2 equivalent/cap; percentile p0p100; lpfghgi999
USA,2015,22.090303421,tCO2 equivalent/cap; percentile p0p100; lpfghgi999
USA,2016,21.4880714417,tCO2 equivalent/cap; percentile p0p100; lpfghgi999
USA,2017,21.2816066742,tCO2 equivalent/cap; percentile p0p100; lpfghgi999
USA,2018,21.8158969879,tCO2 equivalent/cap; percentile p0p100; lpfghgi999
USA,2019,21.1250076294,tCO2 equivalent/cap; percentile p0p100; lpfghgi999
VEN,2000,6.2218208313,tCO2 equivalent/cap; percentile p0p100; lpfghgi999
VEN,2001,7.4011440277,tCO2 equivalent/cap; percentile p0p100; lpfghgi999
VEN,2002,6.4937181473,tCO2 equivalent/cap; percentile p0p100; lpfghgi999
VEN,2003,7.4409546852,tCO2 equivalent/cap; percentile p0p100; lpfghgi999
VEN,2004,6.4369382858,tCO2 equivalent/cap; percentile p0p100; lpfghgi999
VEN,2005,6.7288517952,tCO2 equivalent/cap; percentile p0p100; lpfghgi999
VEN,2006,6.3347096443,tCO2 equivalent/cap; percentile p0p100; lpfghgi999
VEN,2007,6.5828661919,tCO2 equivalent/cap; percentile p0p100; lpfghgi999
VEN,2008,7.1636338234,tCO2 equivalent/cap; percentile p0p100; lpfghgi999
VEN,2009,8.3436632156,tCO2 equivalent/cap; percentile p0p100; lpfghgi999
VEN,2010,7.850423336,tCO2 equivalent/cap; percentile p0p100; lpfghgi999
VEN,2011,7.3588199615,tCO2 equivalent/cap; percentile p0p100; lpfghgi999
VEN,2012,8.4859857559,tCO2 equivalent/cap; percentile p0p100; lpfghgi999
VEN,2013,8.0072822571,tCO2 equivalent/cap; percentile p0p100; lpfghgi999
VEN,2014,8.3578767776,tCO2 equivalent/cap; percentile p0p100; lpfghgi999
VEN,2015,8.3800106049,tCO2 equivalent/cap; percentile p0p100; lpfghgi999
VEN,2016,8.0409460068,tCO2 equivalent/cap; percentile p0p100; lpfghgi999
VEN,2017,7.4893870354,tCO2 equivalent/cap; percentile p0p100; lpfghgi999
VEN,2018,7.1508150101,tCO2 equivalent/cap; percentile p0p100; lpfghgi999
VEN,2019,6.522415638,tCO2 equivalent/cap; percentile p0p100; lpfghgi999
VNM,2000,1.359311223,tCO2 equivalent/cap; percentile p0p100; lpfghgi999
VNM,2001,1.4320732355,tCO2 equivalent/cap; percentile p0p100; lpfghgi999
VNM,2002,1.5836385489,tCO2 equivalent/cap; percentile p0p100; lpfghgi999
VNM,2003,1.873519063,tCO2 equivalent/cap; percentile p0p100; lpfghgi999
VNM,2004,2.0286126137,tCO2 equivalent/cap; percentile p0p100; lpfghgi999
VNM,2005,2.1196630001,tCO2 equivalent/cap; percentile p0p100; lpfghgi999
VNM,2006,2.217218399,tCO2 equivalent/cap; percentile p0p100; lpfghgi999
VNM,2007,2.3588736057,tCO2 equivalent/cap; percentile p0p100; lpfghgi999
VNM,2008,2.5412261486,tCO2 equivalent/cap; percentile p0p100; lpfghgi999
VNM,2009,2.7435381413,tCO2 equivalent/cap; percentile p0p100; lpfghgi999
VNM,2010,2.8811120987,tCO2 equivalent/cap; percentile p0p100; lpfghgi999
VNM,2011,2.9042882919,tCO2 equivalent/cap; percentile p0p100; lpfghgi999
VNM,2012,2.8435585499,tCO2 equivalent/cap; percentile p0p100; lpfghgi999
VNM,2013,3.1323649883,tCO2 equivalent/cap; percentile p0p100; lpfghgi999
VNM,2014,3.1941843033,tCO2 equivalent/cap; percentile p0p100; lpfghgi999
VNM,2015,3.3057851791,tCO2 equivalent/cap; percentile p0p100; lpfghgi999
VNM,2016,3.1680169106,tCO2 equivalent/cap; percentile p0p100; lpfghgi999
VNM,2017,3.0865838528,tCO2 equivalent/cap; percentile p0p100; lpfghgi999
VNM,2018,3.3291504383,tCO2 equivalent/cap; percentile p0p100; lpfghgi999
VNM,2019,3.8570244312,tCO2 equivalent/cap; percentile p0p100; lpfghgi999
ZAF,2000,7.9275040627,tCO2 equivalent/cap; percentile p0p100; lpfghgi999
ZAF,2001,7.3516054153,tCO2 equivalent/cap; percentile p0p100; lpfghgi999
ZAF,2002,6.8790426254,tCO2 equivalent/cap; percentile p0p100; lpfghgi999
ZAF,2003,7.4866704941,tCO2 equivalent/cap; percentile p0p100; lpfghgi999
ZAF,2004,8.3573923111,tCO2 equivalent/cap; percentile p0p100; lpfghgi999
ZAF,2005,7.8305249214,tCO2 equivalent/cap; percentile p0p100; lpfghgi999
ZAF,2006,8.233127594,tCO2 equivalent/cap; percentile p0p100; lpfghgi999
ZAF,2007,8.1565952301,tCO2 equivalent/cap; percentile p0p100; lpfghgi999
ZAF,2008,7.9972977638,tCO2 equivalent/cap; percentile p0p100; lpfghgi999
ZAF,2009,8.3124656677,tCO2 equivalent/cap; percentile p0p100; lpfghgi999
ZAF,2010,7.8655714989,tCO2 equivalent/cap; percentile p0p100; lpfghgi999
ZAF,2011,7.8295116425,tCO2 equivalent/cap; percentile p0p100; lpfghgi999
ZAF,2012,7.8164191246,tCO2 equivalent/cap; percentile p0p100; lpfghgi999
ZAF,2013,7.5343384743,tCO2 equivalent/cap; percentile p0p100; lpfghgi999
ZAF,2014,7.6614847183,tCO2 equivalent/cap; percentile p0p100; lpfghgi999
ZAF,2015,7.2439746857,tCO2 equivalent/cap; percentile p0p100; lpfghgi999
ZAF,2016,7.1142711639,tCO2 equivalent/cap; percentile p0p100; lpfghgi999
ZAF,2017,7.2355012894,tCO2 equivalent/cap; percentile p0p100; lpfghgi999
ZAF,2018,7.2299542427,tCO2 equivalent/cap; percentile p0p100; lpfghgi999
ZAF,2019,7.2353043556,tCO2 equivalent/cap; percentile p0p100; lpfghgi999
