Country,1949,1950,1951,1952,1953,1954,1955,1956,1957,1958,1959,1960,1961,1962,1963,1964,1965,1966,1967,1968,1969,1970,1971,1972,1973,1974,1975,1976,1977,1978,1979,1980,1981,1982,1983,1984,1985,1986,1987,1988,1989,1990,1991,1992,1993,1994,1995,1996,1997,1998,1999,2000,2001,2002,2003,2004,2005,2006,2007,2008,2009,2010,2011,2012,2013,2014,2015,2016,2017,2018,2019,2020,2021,2022,2023
Algeria,#N/A,#N/A,#N/A,#N/A,#N/A,#N/A,#N/A,#N/A,#N/A,#N/A,#N/A,1.61,1.92,#N/A,2.51,3.50 ,3.42,3.51,3.02,2.61,2.39,2.13,2.09,1.80,1.69,1.96,2.13,2.70,2.24,2.38,2.14,2.10,1.82,2.06,1.95,1.76,1.64,1.79,1.86,1.75,1.54,1.46,1.21,2.14,2.51,3.15,2.94,3.09,3.64,3.97,3.76,3.43,3.82,3.70,3.25,3.28,2.83,2.64,2.92,3.02,3.85,3.52,4.33,4.46,4.84,5.55,6.27,6.38,5.92,5.48,6.00,6.66,5.57,4.70,8.17
Libya,#N/A,#N/A,#N/A,#N/A,#N/A,#N/A,#N/A,#N/A,#N/A,#N/A,#N/A,1.59,1.86,3.10,2.41,1.84,1.86,2.91,3.36,2.86,3.76,6.07,5.32,3.71,3.98,3.29,2.25,1.97,2.46,3.80,3.22,2.92,1.76,2.24,#N/A,#N/A,#N/A,#N/A,#N/A,#N/A,#N/A,#N/A,#N/A,#N/A,#N/A,#N/A,#N/A,#N/A,4.08,5.30,3.78,3.15,2.41,2.07,2.07,2.07,1.53,1.12,0.95,1.49,#N/A,#N/A,#N/A,3.75,7.64,15.48,#N/A,#N/A,#N/A,#N/A,#N/A,#N/A,#N/A,#N/A,#N/A
Morocco,#N/A,#N/A,#N/A,#N/A,#N/A,#N/A,#N/A,1.18,1.76,2.14,2.47,2.32,2.70,2.57,3.20,2.84,2.43,2.68,2.62,3.00,2.39,2.32,2.63,2.84,3.06,3.15,4.60,6.22,6.62,5.84,5.63,5.94,6.38,6.22,4.51,4.02,5.39,4.30,4.37,4.13,4.39,4.15,4.14,4.30,4.66,4.49,4.35,3.95,4.19,3.46,2.42,2.69,3.73,3.49,3.49,3.25,3.26,3.11,3.05,3.18,3.29,3.39,3.30,3.46,3.81,3.40,2.96,2.98,2.95,2.90,2.87,3.98,3.76,3.81,3.64
Tunisia,#N/A,#N/A,#N/A,#N/A,#N/A,#N/A,#N/A,#N/A,#N/A,#N/A,#N/A,2.00,2.22,1.73,1.51,1.74,1.29,1.32,1.42,1.44,1.31,1.56,1.48,1.41,1.40,1.31,1.74,1.86,2.38,2.49,2.24,2.03,2.48,3.69,4.17,2.76,2.34,2.09,1.82,2.10,2.11,1.84,1.83,1.71,1.73,1.74,1.74,1.87,1.73,1.68,1.56,1.55,1.52,1.49,1.48,1.43,1.45,1.45,1.26,1.29,1.29,1.24,1.49,1.44,1.56,1.81,2.14,2.22,2.03,1.98,2.38,2.71,2.64,2.47,2.36
Angola,#N/A,#N/A,#N/A,#N/A,#N/A,#N/A,#N/A,#N/A,#N/A,#N/A,#N/A,#N/A,#N/A,#N/A,#N/A,#N/A,#N/A,#N/A,#N/A,#N/A,#N/A,#N/A,#N/A,#N/A,#N/A,#N/A,#N/A,#N/A,#N/A,#N/A,#N/A,#N/A,#N/A,#N/A,#N/A,#N/A,0.00,0.00,22.25,21.98,19.43,17.46,7.10,5.68,17.52,5.71,4.71,2.45,5.97,2.64,17.33,6.39,4.52,2.87,3.76,3.47,3.69,3.76,3.11,3.57,4.71,4.18,3.26,3.24,4.46,4.70,3.11,2.73,2.51,1.96,1.74,1.74,1.30,1.32,1.33
Benin,#N/A,#N/A,#N/A,#N/A,#N/A,#N/A,#N/A,#N/A,#N/A,#N/A,#N/A,0.87,1.40,1.75,1.74,2.18,2.11,1.90,1.98,2.07,1.89,1.63,1.60,1.49,1.68,1.44,1.49,1.28,1.68,1.19,1.93,2.03,1.55,1.05,1.19,1.46,1.30,1.36,1.57,1.56,1.31,1.23,#N/A,#N/A,#N/A,#N/A,#N/A,#N/A,#N/A,#N/A,0.49,0.41,0.36,0.62,0.65,0.68,0.68,0.67,#N/A,0.66,#N/A,#N/A,#N/A,0.70,0.69,0.70,0.80,0.67,0.92,0.63,0.47,0.46,0.55,0.63,0.71
Botswana,#N/A,#N/A,#N/A,#N/A,#N/A,#N/A,#N/A,#N/A,#N/A,#N/A,#N/A,#N/A,#N/A,#N/A,#N/A,#N/A,#N/A,#N/A,#N/A,#N/A,#N/A,#N/A,#N/A,#N/A,#N/A,#N/A,#N/A,#N/A,1.36,2.87,3.50,3.21,2.98,2.69,2.33,2.44,2.18,2.66,4.79,4.90,3.57,4.45,4.60,4.48,4.93,4.01,3.51,2.90,3.20,3.78,3.09,3.19,3.83,4.11,4.01,3.51,2.86,2.75,2.90,3.10,3.26,2.76,2.40,2.34,2.15,2.21,2.83,3.41,3.25,2.92,3.08,3.33,3.05,2.38,2.53
Burkina Faso,#N/A,#N/A,#N/A,#N/A,#N/A,#N/A,#N/A,#N/A,#N/A,#N/A,#N/A,0.68,0.83,2.35,2.38,2.61,1.52,1.65,1.33,1.18,1.25,1.17,1.18,1.14,1.24,1.15,2.81,3.12,3.04,3.28,2.70,2.75,2.84,3.00,2.93,3.02,1.84,2.62,2.25,2.31,2.74,2.70,2.17,2.05,1.86,1.42,1.38,1.29,1.42,1.28,1.39,1.24,1.16,1.18,1.07,1.21,1.20,1.11,1.42,1.24,1.35,1.22,1.15,1.18,1.24,1.27,1.25,1.17,1.36,1.93,2.21,2.13,2.32,2.98,4.01
Burundi,#N/A,#N/A,#N/A,#N/A,#N/A,#N/A,#N/A,#N/A,#N/A,#N/A,#N/A,#N/A,0.19,3.94,0.43,0.45,1.35,1.38,1.33,1.41,1.75,#N/A,1.03,1.46,1.95,2.23,2.06,2.22,2.53,2.80,2.64,2.92,3.03,3.51,3.10,2.98,2.75,2.81,2.65,3.15,3.35,3.45,3.79,3.60,3.72,3.92,4.21,5.86,6.36,6.57,6.26,4.86,6.07,5.44,5.53,4.90,4.44,3.51,3.41,2.72,#N/A,#N/A,#N/A,2.53,2.48,2.30,2.13,2.24,2.00,2.15,2.81,2.19,2.04,2.60,3.66
Cameroon,#N/A,#N/A,#N/A,#N/A,#N/A,#N/A,#N/A,#N/A,#N/A,#N/A,#N/A,#N/A,#N/A,#N/A,#N/A,#N/A,#N/A,#N/A,#N/A,#N/A,#N/A,1.87,1.84,1.76,1.76,1.69,1.73,1.76,1.72,1.67,1.66,1.56,1.82,1.99,1.89,1.74,1.34,1.22,1.25,1.28,1.33,1.47,1.51,1.53,1.33,1.31,1.25,1.22,1.30,1.40,1.44,1.32,1.29,1.34,1.38,1.40,1.14,1.23,1.24,1.26,1.23,1.29,1.14,1.18,1.17,1.10,1.10,1.15,1.14,1.08,1.06,0.96,0.98,0.94,0.93
Cape Verde,#N/A,#N/A,#N/A,#N/A,#N/A,#N/A,#N/A,#N/A,#N/A,#N/A,#N/A,#N/A,#N/A,#N/A,#N/A,#N/A,#N/A,#N/A,#N/A,#N/A,#N/A,#N/A,#N/A,#N/A,#N/A,#N/A,#N/A,#N/A,#N/A,#N/A,#N/A,#N/A,#N/A,#N/A,#N/A,2.79,2.46,2.34,2.10,1.91,#N/A,#N/A,#N/A,0.99,0.76,0.84,1.27,0.84,0.83,0.86,0.84,1.15,0.75,0.67,0.65,0.63,0.65,0.56,0.48,0.55,0.45,0.45,0.48,0.51,0.48,0.49,0.51,0.55,0.47,0.49,0.43,0.62,0.56,0.46,0.53
Central African Republic,#N/A,#N/A,#N/A,#N/A,#N/A,#N/A,#N/A,#N/A,#N/A,#N/A,#N/A,#N/A,#N/A,#N/A,#N/A,#N/A,#N/A,#N/A,#N/A,#N/A,#N/A,#N/A,#N/A,#N/A,#N/A,#N/A,#N/A,#N/A,#N/A,#N/A,#N/A,#N/A,#N/A,#N/A,#N/A,#N/A,#N/A,#N/A,#N/A,#N/A,#N/A,#N/A,1.57,1.64,1.50,1.26,1.17,1.21,#N/A,#N/A,#N/A,#N/A,#N/A,1.09,1.26,1.15,1.09,#N/A,1.09,1.55,1.75,2.41,2.05,1.70,2.83,2.03,1.58,1.47,1.34,1.34,1.79,1.86,2.15,1.71,2.29
Chad,#N/A,#N/A,#N/A,#N/A,#N/A,#N/A,#N/A,#N/A,#N/A,#N/A,#N/A,#N/A,#N/A,#N/A,#N/A,#N/A,#N/A,#N/A,#N/A,#N/A,#N/A,#N/A,#N/A,#N/A,#N/A,#N/A,#N/A,#N/A,#N/A,#N/A,#N/A,#N/A,#N/A,#N/A,4.73,4.36,3.66,4.57,2.95,5.25,3.94,1.98,#N/A,1.88,2.68,1.88,1.39,1.54,1.08,0.92,1.37,1.36,1.35,1.52,1.32,1.01,0.83,3.00,4.49,5.89,7.96,5.76,5.01,#N/A,5.59,2.81,2.02,3.04,2.20,2.30,2.14,3.01,2.81,2.75,2.91
Congo Democratic Republic,#N/A,#N/A,#N/A,#N/A,#N/A,#N/A,#N/A,#N/A,#N/A,#N/A,#N/A,#N/A,#N/A,#N/A,#N/A,0.00,#N/A,0.00,#N/A,0.00,0.00,0.00,0.00,0.00,0.00,0.00,0.00,0.00,0.00,0.00,0.00,#N/A,#N/A,#N/A,#N/A,#N/A,#N/A,#N/A,#N/A,#N/A,#N/A,#N/A,#N/A,#N/A,5.23,#N/A,#N/A,1.55,1.41,0.43,1.16,0.22,#N/A,#N/A,0.88,1.34,1.38,1.42,1.23,0.81,0.66,0.85,0.92,1.13,1.15,0.95,1.30,1.07,0.77,0.62,0.70,0.74,0.54,0.58,1.16
Congo Republic,#N/A,#N/A,#N/A,#N/A,#N/A,#N/A,#N/A,#N/A,#N/A,#N/A,#N/A,#N/A,#N/A,#N/A,#N/A,#N/A,#N/A,#N/A,#N/A,#N/A,#N/A,4.86,4.60,3.53,4.22,4.24,4.50,4.73,4.95,4.32,4.39,3.37,3.19,3.35,#N/A,2.25,2.58,#N/A,4.37,#N/A,#N/A,#N/A,#N/A,3.83,3.64,#N/A,#N/A,#N/A,#N/A,#N/A,#N/A,#N/A,1.79,2.12,2.43,2.44,1.52,1.57,1.92,1.79,#N/A,1.66,#N/A,#N/A,2.04,3.94,#N/A,4.59,3.18,1.98,2.15,2.60,2.34,1.91,2.00
Cote d'Ivoire,#N/A,#N/A,#N/A,#N/A,#N/A,#N/A,#N/A,#N/A,#N/A,#N/A,#N/A,#N/A,#N/A,1.28,1.00,1.14,1.32,1.26,1.31,1.16,1.15,1.18,1.50,1.70,1.13,1.34,1.18,1.12,0.79,1.10,1.12,1.16,1.09,1.14,1.12,1.03,1.00,1.05,1.22,1.25,1.33,0.96,0.99,1.02,0.97,0.73,#N/A,0.61,0.58,#N/A,#N/A,#N/A,#N/A,#N/A,1.01,1.10,1.06,1.09,1.15,1.10,1.25,1.13,1.01,1.10,1.00,1.07,1.24,1.26,0.98,1.05,0.92,0.99,0.91,0.89,0.89
Djibouti,#N/A,#N/A,#N/A,#N/A,#N/A,#N/A,#N/A,#N/A,#N/A,#N/A,#N/A,#N/A,#N/A,#N/A,#N/A,#N/A,#N/A,#N/A,#N/A,#N/A,#N/A,#N/A,#N/A,#N/A,#N/A,#N/A,#N/A,#N/A,#N/A,0.02,0.02,0.54,1.42,7.49,7.66,#N/A,#N/A,#N/A,#N/A,#N/A,#N/A,#N/A,6.65,6.76,6.16,5.76,5.79,5.08,5.47,5.65,5.48,5.07,#N/A,#N/A,#N/A,5.61,4.51,4.59,2.90,2.63,#N/A,#N/A,#N/A,#N/A,#N/A,#N/A,#N/A,#N/A,#N/A,#N/A,#N/A,#N/A,#N/A,#N/A,#N/A
Equatorial Guinea,#N/A,#N/A,#N/A,#N/A,#N/A,#N/A,#N/A,#N/A,#N/A,#N/A,#N/A,#N/A,#N/A,#N/A,#N/A,#N/A,#N/A,#N/A,#N/A,#N/A,#N/A,#N/A,#N/A,#N/A,#N/A,#N/A,#N/A,#N/A,#N/A,#N/A,#N/A,#N/A,#N/A,#N/A,#N/A,#N/A,#N/A,#N/A,#N/A,#N/A,#N/A,#N/A,#N/A,#N/A,#N/A,1.99,2.05,#N/A,#N/A,#N/A,#N/A,#N/A,#N/A,#N/A,#N/A,#N/A,#N/A,#N/A,1.50,1.48,2.47,#N/A,#N/A,#N/A,#N/A,0.77,1.04,1.24,1.13,1.14,1.31,1.64,1.35,1.30,1.59
Eritrea,#N/A,#N/A,#N/A,#N/A,#N/A,#N/A,#N/A,#N/A,#N/A,#N/A,#N/A,#N/A,#N/A,#N/A,#N/A,#N/A,#N/A,#N/A,#N/A,#N/A,#N/A,#N/A,#N/A,#N/A,#N/A,#N/A,#N/A,#N/A,#N/A,#N/A,#N/A,#N/A,#N/A,#N/A,#N/A,#N/A,#N/A,#N/A,#N/A,#N/A,#N/A,#N/A,#N/A,#N/A,21.33,12.72,19.54,20.34,11.86,32.50,34.38,32.66,22.14,20.67,20.87,#N/A,#N/A,#N/A,#N/A,#N/A,#N/A,#N/A,#N/A,#N/A,#N/A,#N/A,#N/A,#N/A,#N/A,#N/A,#N/A,#N/A,#N/A,#N/A,#N/A
Ethiopia,#N/A,#N/A,#N/A,#N/A,#N/A,#N/A,#N/A,#N/A,#N/A,#N/A,#N/A,#N/A,1.86,1.93,2.43,2.92,3.23,3.11,2.49,2.20,2.02,1.88,1.91,1.94,1.93,2.79,4.49,4.13,3.97,4.81,6.89,8.71,7.54,7.54,7.18,7.97,6.82,6.70,6.86,8.50,10.28,9.66,5.71,3.44,3.07,2.87,2.23,2.12,3.34,7.28,9.51,7.61,4.35,3.72,3.24,3.07,2.81,2.31,1.90,1.52,1.20,1.15,1.09,0.87,0.81,0.77,0.71,0.68,0.68,0.65,0.58,0.52,0.49,0.87,0.79
Gabon,#N/A,#N/A,#N/A,#N/A,#N/A,#N/A,#N/A,#N/A,#N/A,#N/A,#N/A,#N/A,#N/A,#N/A,#N/A,#N/A,#N/A,#N/A,1.11,1.02,1.37,1.43,1.44,1.55,1.30,0.68,0.78,0.67,1.03,#N/A,1.88,1.60,2.29,2.45,2.55,2.26,2.86,4.00,#N/A,#N/A,#N/A,#N/A,#N/A,#N/A,#N/A,#N/A,#N/A,#N/A,#N/A,#N/A,#N/A,1.80,1.79,1.78,1.67,1.61,1.25,1.28,#N/A,#N/A,#N/A,1.87,1.46,1.62,1.60,1.14,1.19,1.45,1.81,1.55,1.59,1.72,1.54,1.32,1.15
Gambia The,#N/A,#N/A,#N/A,#N/A,#N/A,#N/A,#N/A,#N/A,#N/A,#N/A,#N/A,#N/A,#N/A,#N/A,#N/A,#N/A,#N/A,#N/A,#N/A,#N/A,#N/A,#N/A,#N/A,#N/A,#N/A,#N/A,#N/A,#N/A,#N/A,#N/A,#N/A,#N/A,#N/A,#N/A,0.34,0.48,0.55,0.56,0.63,0.81,0.96,0.46,0.50,0.41,0.28,0.26,0.30,0.40,0.41,0.38,0.33,0.32,0.23,0.24,0.23,0.19,0.28,0.26,0.36,1.09,0.48,#N/A,#N/A,0.79,0.74,1.21,1.04,#N/A,#N/A,0.72,0.77,0.81,0.77,0.69,0.58
Ghana,#N/A,#N/A,#N/A,#N/A,#N/A,#N/A,#N/A,#N/A,#N/A,1.00,1.03,1.71,2.10,2.00,2.02,1.92,1.73,2.23,#N/A,2.66,2.50,2.12,1.70,1.43,1.36,1.58,1.71,1.57,1.25,0.85,0.65,0.77,0.74,#N/A,0.34,0.59,1.00,0.90,0.89,0.44,0.43,0.28,0.37,0.38,0.42,0.43,0.34,0.29,0.29,0.33,0.33,0.44,0.26,0.26,0.30,0.28,0.26,0.26,0.37,0.29,0.34,0.28,0.44,0.59,0.40,0.48,0.39,0.29,0.31,0.33,0.34,0.35,0.38,0.34,0.39
Guinea,#N/A,#N/A,#N/A,#N/A,#N/A,#N/A,#N/A,#N/A,#N/A,#N/A,#N/A,#N/A,#N/A,#N/A,#N/A,#N/A,#N/A,#N/A,#N/A,#N/A,#N/A,#N/A,#N/A,#N/A,#N/A,#N/A,#N/A,#N/A,#N/A,#N/A,#N/A,0.90,0.79,0.64,#N/A,#N/A,#N/A,#N/A,#N/A,#N/A,#N/A,#N/A,2.38,1.69,1.34,1.36,#N/A,#N/A,1.17,1.25,1.60,1.53,3.10,3.32,2.44,2.23,#N/A,#N/A,#N/A,#N/A,#N/A,#N/A,#N/A,2.25,2.39,2.28,2.56,1.92,1.80,1.77,1.48,1.48,1.53,2.17,2.13
Guinea-Bissau,#N/A,#N/A,#N/A,#N/A,#N/A,#N/A,#N/A,#N/A,#N/A,#N/A,#N/A,#N/A,#N/A,#N/A,#N/A,#N/A,#N/A,#N/A,#N/A,#N/A,#N/A,#N/A,#N/A,#N/A,#N/A,#N/A,#N/A,#N/A,#N/A,#N/A,#N/A,#N/A,#N/A,0.01,0.01,0.02,0.01,0.02,0.06,#N/A,0.18,#N/A,#N/A,#N/A,#N/A,0.32,0.50,0.57,0.65,1.40,#N/A,2.63,1.63,1.56,1.58,#N/A,1.89,#N/A,#N/A,#N/A,1.55,1.82,1.52,2.33,1.96,1.89,1.48,1.26,1.31,1.36,1.53,1.63,1.69,1.62,1.46
Kenya,#N/A,#N/A,#N/A,#N/A,#N/A,#N/A,#N/A,#N/A,#N/A,#N/A,#N/A,0.33,0.11,0.08,0.21,0.59,0.99,1.13,1.30,1.22,1.08,1.06,1.23,1.54,1.66,1.78,1.88,2.48,3.74,5.20,5.50,4.52,4.23,4.57,4.20,3.48,2.38,2.50,3.13,2.95,2.74,2.89,2.35,1.90,1.84,1.64,1.65,1.42,1.34,1.22,1.19,1.31,1.50,1.63,1.65,1.61,1.69,1.46,1.55,1.62,1.37,1.37,1.38,1.49,1.40,1.20,1.20,1.25,1.24,1.21,1.11,1.11,1.08,1.01,0.91
Lesotho,#N/A,#N/A,#N/A,#N/A,#N/A,#N/A,#N/A,#N/A,#N/A,#N/A,#N/A,#N/A,#N/A,#N/A,#N/A,#N/A,#N/A,#N/A,#N/A,#N/A,#N/A,#N/A,#N/A,#N/A,#N/A,#N/A,#N/A,1.55,1.44,1.51,1.85,3.16,3.31,4.36,4.01,3.98,4.31,4.84,4.18,3.37,4.31,3.55,2.89,2.71,2.48,2.74,3.24,2.82,2.71,2.85,3.56,3.28,2.74,2.52,2.37,2.13,2.05,2.07,2.37,1.55,2.72,3.16,2.26,2.15,2.03,1.95,1.87,1.96,2.27,2.00,1.88,1.88,1.54,1.52,1.54
Liberia,#N/A,#N/A,#N/A,#N/A,#N/A,#N/A,#N/A,#N/A,#N/A,#N/A,#N/A,#N/A,#N/A,#N/A,#N/A,#N/A,1.18,1.15,1.17,1.10,0.99,1.10,1.19,1.10,0.97,0.93,0.95,1.07,1.15,1.24,1.15,1.49,3.11,5.02,4.71,2.94,2.95,2.90,2.29,2.41,#N/A,#N/A,7.18,10.13,18.98,29.73,#N/A,#N/A,#N/A,#N/A,#N/A,#N/A,#N/A,#N/A,#N/A,0.63,0.86,0.48,0.31,0.50,0.65,0.82,1.06,1.18,1.08,1.03,1.05,1.06,0.94,0.94,0.94,0.97,2.01,2.49,2.30
Madagascar,#N/A,#N/A,#N/A,#N/A,#N/A,#N/A,#N/A,#N/A,#N/A,#N/A,#N/A,#N/A,1.50,1.54,1.46,1.46,1.59,1.54,1.55,1.55,1.51,1.35,1.32,1.49,1.52,1.67,1.64,1.88,2.31,2.42,2.93,2.77,2.98,#N/A,#N/A,1.87,1.78,1.55,1.43,1.35,1.21,1.23,1.30,0.77,1.12,0.93,0.86,1.24,1.48,1.35,1.21,1.22,1.44,1.31,1.32,1.25,1.07,0.98,0.96,0.96,0.74,0.57,0.62,0.59,0.58,0.56,0.52,0.50,0.51,0.53,0.55,0.67,0.69,0.67,0.66
Malawi,#N/A,#N/A,#N/A,#N/A,#N/A,#N/A,#N/A,#N/A,#N/A,#N/A,#N/A,#N/A,#N/A,#N/A,#N/A,#N/A,0.70,0.65,0.72,0.70,0.67,0.64,0.58,0.60,1.06,0.97,1.53,1.37,1.69,2.69,4.07,4.29,3.11,2.29,1.82,1.56,1.75,2.10,1.83,1.51,1.50,1.31,1.08,1.40,1.26,1.42,0.79,0.88,0.99,0.81,0.81,0.67,0.74,0.42,0.41,0.63,1.05,0.78,0.76,0.84,0.95,0.72,0.66,0.77,0.81,0.58,0.45,0.45,0.53,0.59,0.76,0.83,0.76,0.97,1.01
Mali,#N/A,#N/A,#N/A,#N/A,#N/A,#N/A,#N/A,#N/A,#N/A,#N/A,#N/A,#N/A,2.70,2.89,2.65,2.87,2.52,2.41,2.40,1.99,2.18,2.23,1.92,2.38,2.66,2.87,3.17,2.91,3.13,3.21,2.97,2.08,1.96,2.11,1.98,1.97,2.14,2.03,2.12,2.21,2.11,1.96,#N/A,#N/A,1.56,1.44,1.50,1.43,1.50,1.40,1.49,1.48,1.30,1.27,1.42,1.42,1.38,1.39,1.36,1.47,1.42,1.37,1.24,1.20,1.16,1.52,2.36,2.59,3.03,2.82,2.75,3.40,3.41,3.14,3.83
Mauritania,#N/A,#N/A,#N/A,#N/A,#N/A,#N/A,#N/A,#N/A,#N/A,#N/A,#N/A,#N/A,#N/A,#N/A,#N/A,#N/A,#N/A,#N/A,#N/A,#N/A,#N/A,#N/A,#N/A,#N/A,#N/A,#N/A,#N/A,#N/A,#N/A,#N/A,#N/A,#N/A,#N/A,#N/A,#N/A,#N/A,5.95,5.04,4.67,4.49,3.96,3.83,3.60,2.69,2.41,2.24,2.26,2.63,2.97,1.86,2.27,2.93,4.00,2.74,4.00,3.84,3.05,2.69,#N/A,3.06,3.14,#N/A,#N/A,2.11,2.00,2.20,2.16,2.15,2.12,2.13,2.00,2.39,2.29,2.28,2.55
Mauritius,#N/A,#N/A,#N/A,#N/A,#N/A,#N/A,#N/A,#N/A,#N/A,#N/A,#N/A,#N/A,#N/A,#N/A,0.14,0.17,0.16,0.17,0.16,0.16,0.18,0.22,0.22,0.20,0.19,0.14,0.19,0.19,0.17,0.17,0.20,0.49,0.47,0.26,0.27,0.25,0.22,0.20,0.19,0.22,0.29,0.35,0.37,0.35,0.33,0.33,0.33,0.29,0.23,0.20,0.21,0.20,0.19,0.20,0.19,0.17,0.16,0.15,0.14,0.16,0.17,0.15,0.15,0.14,0.19,0.15,0.14,0.17,0.17,0.16,0.15,0.16,0.17,0.14,0.15
Mozambique,#N/A,#N/A,#N/A,#N/A,#N/A,#N/A,#N/A,#N/A,#N/A,#N/A,#N/A,#N/A,#N/A,#N/A,#N/A,#N/A,#N/A,#N/A,#N/A,#N/A,#N/A,#N/A,#N/A,#N/A,#N/A,#N/A,#N/A,#N/A,#N/A,#N/A,#N/A,3.83,4.28,4.92,6.23,7.07,5.77,5.66,6.18,5.31,5.94,5.86,2.61,2.97,2.87,3.30,1.46,1.11,1.10,1.14,1.25,1.28,1.24,1.27,1.28,1.36,0.95,0.81,0.67,0.66,0.71,0.89,0.83,0.85,0.93,0.98,0.84,0.93,0.99,1.32,1.40,2.03,1.96,1.50,1.73
Namibia,#N/A,#N/A,#N/A,#N/A,#N/A,#N/A,#N/A,#N/A,#N/A,#N/A,#N/A,#N/A,#N/A,#N/A,#N/A,#N/A,#N/A,#N/A,#N/A,#N/A,#N/A,#N/A,#N/A,#N/A,#N/A,#N/A,#N/A,#N/A,#N/A,#N/A,#N/A,#N/A,#N/A,#N/A,#N/A,#N/A,#N/A,#N/A,#N/A,#N/A,#N/A,6.42,5.62,4.25,2.46,1.75,1.95,1.90,2.30,2.32,3.12,2.71,3.01,2.62,2.62,2.53,2.65,2.50,2.61,3.14,3.37,3.51,3.57,3.17,3.21,4.33,4.53,3.97,3.52,3.33,3.30,3.48,3.22,2.92,2.74
Niger,#N/A,#N/A,#N/A,#N/A,#N/A,#N/A,#N/A,#N/A,#N/A,#N/A,#N/A,#N/A,#N/A,#N/A,#N/A,#N/A,#N/A,#N/A,#N/A,#N/A,#N/A,#N/A,#N/A,#N/A,#N/A,#N/A,0.87,0.82,0.94,0.93,0.84,0.67,0.63,0.63,0.69,0.73,0.74,0.77,0.64,#N/A,#N/A,#N/A,#N/A,#N/A,#N/A,1.23,0.97,0.86,0.93,1.06,1.17,1.16,1.32,0.96,0.93,1.09,0.72,#N/A,#N/A,0.74,0.74,0.88,0.98,1.62,1.05,1.34,#N/A,1.60,1.81,1.79,1.92,1.73,1.35,1.66,2.07
Nigeria,#N/A,#N/A,#N/A,#N/A,#N/A,#N/A,#N/A,#N/A,#N/A,#N/A,#N/A,0.70,0.85,1.10,1.10,1.23,1.40,1.10,5.81,9.16,10.32,5.28,4.39,5.39,5.48,4.34,8.12,5.79,6.02,5.33,4.32,3.30,2.77,2.27,2.22,1.56,1.44,1.31,0.77,0.88,0.58,0.83,0.77,0.56,0.93,0.78,0.48,0.41,0.44,0.55,0.86,0.54,0.78,0.95,0.57,0.49,0.40,0.35,0.37,0.49,0.51,0.54,0.58,0.50,0.47,0.41,0.42,0.43,0.43,0.51,0.46,0.63,1.01,0.65,0.81
Rwanda,#N/A,#N/A,#N/A,#N/A,#N/A,#N/A,#N/A,#N/A,#N/A,#N/A,#N/A,#N/A,#N/A,#N/A,#N/A,#N/A,#N/A,#N/A,#N/A,#N/A,#N/A,#N/A,#N/A,#N/A,1.88,1.47,1.63,1.61,2.15,1.59,1.75,1.88,2.04,2.00,1.90,1.60,1.59,1.80,1.68,1.59,1.75,3.73,5.51,4.29,4.54,3.44,0.61,5.33,4.17,4.38,4.45,3.54,3.40,3.05,2.45,1.97,1.74,1.64,1.37,1.31,1.33,1.22,1.09,1.04,1.05,1.10,1.21,1.24,1.25,1.24,1.20,1.47,1.51,1.33,1.27
Senegal,#N/A,#N/A,#N/A,#N/A,#N/A,#N/A,#N/A,#N/A,#N/A,#N/A,#N/A,#N/A,#N/A,#N/A,#N/A,#N/A,#N/A,#N/A,#N/A,#N/A,#N/A,#N/A,#N/A,#N/A,#N/A,#N/A,#N/A,#N/A,#N/A,#N/A,3.43,2.76,2.73,2.35,2.55,2.41,2.19,2.04,1.98,2.11,2.03,1.63,1.55,1.44,1.67,1.35,1.31,1.24,1.20,1.18,1.20,1.05,1.12,1.10,1.12,1.06,1.13,1.27,1.38,1.29,1.34,1.22,1.29,1.11,1.25,1.21,1.21,1.60,1.47,1.67,1.52,1.41,1.78,1.54,1.47
Seychelles,#N/A,#N/A,#N/A,#N/A,#N/A,#N/A,#N/A,#N/A,#N/A,#N/A,#N/A,#N/A,#N/A,#N/A,#N/A,#N/A,#N/A,#N/A,#N/A,#N/A,#N/A,#N/A,#N/A,#N/A,#N/A,#N/A,#N/A,#N/A,#N/A,#N/A,#N/A,#N/A,#N/A,#N/A,#N/A,#N/A,4.29,4.67,4.54,4.28,4.28,4.03,4.42,4.73,2.76,2.44,2.28,2.10,2.02,1.73,1.78,1.68,1.78,1.68,1.73,1.90,1.60,1.41,1.47,1.15,1.02,0.74,0.86,0.94,1.04,2.23,1.28,1.47,1.41,1.31,1.29,1.57,2.78,1.33,1.71
Sierra Leone,#N/A,#N/A,#N/A,#N/A,#N/A,#N/A,#N/A,#N/A,#N/A,#N/A,#N/A,0.75,0.73,0.71,0.76,0.78,0.72,0.69,0.80,0.80,0.87,0.93,0.90,0.95,1.04,1.21,1.03,1.09,1.09,1.00,1.11,1.45,1.42,1.09,1.03,0.91,0.73,1.47,0.69,0.85,1.54,1.31,2.04,2.69,2.08,1.99,1.97,1.35,0.76,1.02,1.74,2.51,2.74,2.16,2.05,1.58,1.43,1.49,1.35,0.94,1.08,0.97,0.87,0.78,0.64,0.97,0.92,1.12,1.09,0.75,0.67,0.55,0.61,0.69,0.56
Somalia,#N/A,#N/A,#N/A,#N/A,#N/A,#N/A,#N/A,#N/A,#N/A,#N/A,#N/A,#N/A,0.23,0.25,0.29,0.33,0.30,0.35,0.39,0.41,0.42,0.50,0.48,0.45,0.51,0.73,0.52,0.52,0.46,0.99,0.97,0.55,0.61,0.29,0.24,0.14,0.05,28.95,16.96,17.44,1.53,#N/A,#N/A,#N/A,#N/A,#N/A,#N/A,#N/A,#N/A,#N/A,#N/A,#N/A,#N/A,#N/A,#N/A,#N/A,#N/A,#N/A,#N/A,#N/A,#N/A,#N/A,#N/A,#N/A,#N/A,#N/A,#N/A,#N/A,#N/A,#N/A,#N/A,#N/A,#N/A,#N/A,#N/A
South Africa,#N/A,#N/A,1.62,1.74,1.35,1.20,1.22,1.29,1.30,0.98,0.88,0.95,1.47,2.25,2.06,2.70,2.63,2.70,2.79,2.76,2.61,2.33,2.46,2.37,2.65,3.09,3.87,4.73,5.26,4.56,3.86,3.30,3.64,3.61,3.60,3.70,3.70,3.82,4.19,4.62,4.36,3.90,3.22,2.82,2.50,2.56,2.12,1.76,1.58,1.38,1.27,1.39,1.48,1.53,1.47,1.36,1.23,1.15,1.06,1.04,1.09,1.00,1.00,1.03,1.03,1.02,1.01,0.97,0.94,0.89,0.88,0.96,0.81,0.77,0.73
South Sudan,#N/A,#N/A,#N/A,#N/A,#N/A,#N/A,#N/A,#N/A,#N/A,#N/A,#N/A,#N/A,#N/A,#N/A,#N/A,#N/A,#N/A,#N/A,#N/A,#N/A,#N/A,#N/A,#N/A,#N/A,#N/A,#N/A,#N/A,#N/A,#N/A,#N/A,#N/A,#N/A,#N/A,#N/A,#N/A,#N/A,#N/A,#N/A,#N/A,#N/A,#N/A,#N/A,#N/A,#N/A,#N/A,#N/A,#N/A,#N/A,#N/A,#N/A,#N/A,#N/A,#N/A,#N/A,#N/A,#N/A,#N/A,#N/A,#N/A,5.76,4.97,4.14,6.09,8.77,6.57,8.46,8.91,4.01,2.06,3.20,3.35,2.28,2.63,4.15,6.26
Sudan,#N/A,#N/A,#N/A,#N/A,#N/A,#N/A,#N/A,1.12,1.64,1.52,1.71,1.92,1.84,2.06,2.15,3.14,4.12,3.53,3.65,3.75,5.20,4.95,4.60,4.19,3.16,2.57,2.25,2.67,2.62,2.04,2.59,2.30,1.78,2.44,3.27,4.08,3.40,3.23,2.55,3.55,#N/A,4.81,4.99,4.39,4.92,3.90,1.67,1.27,0.95,2.38,4.01,4.79,2.94,3.27,2.26,5.78,3.31,3.64,4.08,4.98,5.45,#N/A,#N/A,#N/A,#N/A,#N/A,2.71,2.28,3.29,1.78,1.63,0.98,0.92,#N/A,#N/A
Eswatini,#N/A,#N/A,#N/A,#N/A,#N/A,#N/A,#N/A,#N/A,#N/A,#N/A,#N/A,#N/A,#N/A,#N/A,#N/A,#N/A,#N/A,#N/A,#N/A,#N/A,#N/A,#N/A,#N/A,#N/A,#N/A,#N/A,#N/A,#N/A,1.78,2.43,2.46,2.42,2.17,2.20,2.26,2.03,1.84,1.63,1.43,1.26,1.25,1.28,1.38,1.63,1.75,1.82,1.69,1.65,1.49,1.65,1.68,1.44,1.29,1.30,1.47,1.54,1.90,1.81,1.64,2.01,2.10,2.37,2.22,1.91,1.95,1.82,1.75,2.07,1.92,2.10,1.89,1.86,1.78,1.65,1.57
Tanzania,#N/A,#N/A,#N/A,#N/A,#N/A,#N/A,#N/A,#N/A,#N/A,#N/A,#N/A,#N/A,#N/A,#N/A,#N/A,#N/A,#N/A,#N/A,1.42,1.47,1.73,2.30,3.10,3.43,4.17,5.36,5.36,4.69,5.48,10.11,8.50,4.52,5.58,5.50,5.41,5.25,5.39,5.74,3.15,2.45,2.38,2.05,2.18,2.11,1.38,1.29,1.63,1.56,1.54,1.60,1.49,1.49,1.45,1.30,1.07,0.99,0.82,0.79,0.76,0.70,0.76,0.90,0.90,0.91,0.97,1.02,1.09,1.09,1.06,1.10,1.06,1.08,1.12,1.14,1.15
Togo,#N/A,#N/A,#N/A,#N/A,#N/A,#N/A,#N/A,#N/A,#N/A,#N/A,#N/A,#N/A,0.27,0.55,0.84,2.16,1.90,1.34,1.34,1.36,1.28,1.37,1.41,1.48,1.69,1.49,1.86,2.50,3.07,2.71,2.25,2.19,2.37,2.26,2.10,2.19,2.51,2.85,3.50,3.12,3.09,3.12,2.86,2.93,4.03,2.58,1.86,#N/A,#N/A,#N/A,#N/A,#N/A,#N/A,#N/A,1.37,1.41,1.46,#N/A,#N/A,1.72,1.64,1.66,1.53,1.62,1.68,1.82,1.67,1.84,1.87,1.96,3.15,2.84,3.11,5.44,4.01
Uganda,#N/A,#N/A,#N/A,#N/A,#N/A,#N/A,#N/A,#N/A,#N/A,#N/A,#N/A,#N/A,0.02,0.11,0.37,0.65,1.13,1.44,1.62,1.79,1.82,1.97,3.47,4.06,3.50,3.62,2.82,3.19,2.04,1.97,1.69,2.22,1.89,1.98,2.22,2.63,2.66,2.91,2.59,2.46,2.73,2.97,2.51,1.66,1.93,2.02,2.10,2.21,2.12,2.44,2.66,1.76,1.68,1.63,1.69,1.77,1.68,1.50,1.39,1.35,1.43,2.46,2.54,1.17,1.34,0.89,1.04,1.04,1.11,1.23,1.74,2.73,2.64,2.04,1.98
Zambia,#N/A,#N/A,#N/A,#N/A,#N/A,#N/A,#N/A,#N/A,#N/A,#N/A,#N/A,#N/A,#N/A,#N/A,#N/A,#N/A,#N/A,#N/A,#N/A,#N/A,#N/A,#N/A,#N/A,#N/A,#N/A,#N/A,#N/A,#N/A,#N/A,#N/A,#N/A,#N/A,#N/A,#N/A,#N/A,3.00,2.36,3.66,3.22,2.39,4.20,3.41,2.34,2.71,1.43,1.72,1.45,1.05,1.01,#N/A,1.65,#N/A,#N/A,#N/A,#N/A,1.58,1.85,1.74,2.06,2.08,1.73,1.38,1.26,1.39,1.43,1.66,1.79,1.45,1.30,1.44,1.26,1.17,0.98,1.12,1.30
Zimbabwe,#N/A,#N/A,#N/A,#N/A,#N/A,#N/A,#N/A,#N/A,#N/A,#N/A,#N/A,#N/A,#N/A,#N/A,#N/A,1.04,1.19,1.32,1.36,2.07,2.42,2.44,2.29,2.18,2.63,2.98,3.40,4.63,6.54,7.99,8.52,6.63,4.86,5.12,5.56,5.68,5.49,5.50,5.82,5.21,4.93,4.10,3.98,3.80,3.30,3.11,3.18,2.88,3.00,#N/A,2.24,3.05,2.55,6.31,2.03,2.71,1.45,1.99,#N/A,#N/A,#N/A,0.82,1.41,1.86,1.87,1.89,1.89,1.74,1.59,1.14,0.73,1.00,1.48,0.78,0.25
Belize,#N/A,#N/A,#N/A,#N/A,#N/A,#N/A,#N/A,#N/A,#N/A,#N/A,#N/A,#N/A,#N/A,#N/A,#N/A,#N/A,#N/A,#N/A,#N/A,#N/A,#N/A,#N/A,#N/A,#N/A,#N/A,#N/A,#N/A,#N/A,#N/A,0.58,0.80,0.86,1.16,1.44,1.53,1.54,1.56,#N/A,#N/A,#N/A,1.20,0.87,0.79,0.76,0.82,1.02,0.98,0.94,1.08,#N/A,#N/A,0.64,0.64,0.64,0.66,0.68,0.73,0.78,0.81,1.08,1.03,0.88,0.85,0.80,0.88,0.93,0.89,0.96,1.01,1.01,1.01,1.25,1.07,0.81,0.82
Costa Rica,#N/A,#N/A,#N/A,#N/A,#N/A,#N/A,#N/A,#N/A,#N/A,#N/A,#N/A,#N/A,#N/A,#N/A,#N/A,#N/A,#N/A,#N/A,#N/A,#N/A,#N/A,#N/A,#N/A,#N/A,#N/A,#N/A,#N/A,#N/A,#N/A,#N/A,#N/A,#N/A,#N/A,#N/A,#N/A,#N/A,#N/A,#N/A,#N/A,#N/A,#N/A,#N/A,#N/A,#N/A,#N/A,#N/A,#N/A,#N/A,#N/A,#N/A,#N/A,#N/A,#N/A,#N/A,#N/A,#N/A,#N/A,#N/A,#N/A,#N/A,#N/A,#N/A,#N/A,#N/A,#N/A,#N/A,#N/A,#N/A,#N/A,#N/A,#N/A,#N/A,#N/A,#N/A,#N/A
Cuba,#N/A,#N/A,#N/A,#N/A,#N/A,#N/A,#N/A,#N/A,#N/A,#N/A,#N/A,#N/A,#N/A,#N/A,#N/A,#N/A,#N/A,#N/A,#N/A,#N/A,#N/A,#N/A,#N/A,#N/A,#N/A,#N/A,#N/A,#N/A,#N/A,#N/A,#N/A,#N/A,#N/A,#N/A,#N/A,#N/A,#N/A,#N/A,#N/A,#N/A,#N/A,#N/A,#N/A,#N/A,#N/A,#N/A,#N/A,#N/A,#N/A,#N/A,#N/A,#N/A,#N/A,#N/A,#N/A,#N/A,#N/A,#N/A,#N/A,#N/A,3.38,3.33,3.08,3.94,3.51,3.54,3.08,3.07,2.87,2.88,#N/A,#N/A,#N/A,#N/A,#N/A
Dominican Republic,#N/A,#N/A,#N/A,#N/A,#N/A,#N/A,#N/A,#N/A,#N/A,5.31,#N/A,5.23,5.23,4.32,3.87,3.78,4.21,3.46,3.19,3.25,2.65,2.42,2.20,1.99,1.79,1.97,1.83,1.93,1.89,2.18,2.18,1.58,1.72,1.58,1.37,1.20,1.21,1.34,1.02,0.88,0.80,0.68,0.35,0.56,0.76,0.73,0.55,0.63,0.80,0.78,0.82,1.03,1.21,1.06,0.76,0.69,0.77,0.68,0.63,0.70,0.67,0.67,0.60,0.65,0.61,0.65,0.64,0.63,0.67,0.69,0.69,0.75,0.65,0.67,0.74
El Salvador,#N/A,#N/A,#N/A,#N/A,#N/A,#N/A,#N/A,#N/A,#N/A,#N/A,#N/A,#N/A,#N/A,#N/A,#N/A,#N/A,0.74,0.71,0.69,0.66,0.72,0.63,0.72,0.88,0.86,0.80,0.83,0.88,0.97,1.12,1.58,1.74,2.28,2.78,3.55,6.44,6.59,4.33,4.47,4.27,4.87,3.41,2.73,2.25,1.68,1.35,1.18,1.07,1.01,0.92,0.92,0.84,1.09,1.13,0.84,0.81,0.90,0.89,0.97,0.96,1.08,1.09,1.09,1.05,1.08,1.04,1.06,1.02,1.04,1.13,1.18,1.38,1.19,1.41,1.28
Guatemala,#N/A,#N/A,#N/A,#N/A,#N/A,#N/A,1.31,1.27,1.30,1.24,1.27,1.16,1.12,1.05,1.17,1.00,1.40,1.37,1.46,1.27,1.03,1.70,1.12,1.14,0.91,0.90,1.23,1.27,1.37,1.18,1.31,1.32,1.89,2.03,2.04,2.19,2.01,1.67,1.75,1.87,1.80,1.73,1.27,1.47,1.27,1.18,1.08,0.90,0.74,0.72,0.68,0.92,1.05,0.76,0.82,0.48,0.38,0.43,0.40,0.47,0.40,0.44,0.46,0.48,0.47,0.42,0.41,0.44,0.38,0.37,0.43,0.44,0.39,0.46,0.41
Haiti,#N/A,#N/A,#N/A,#N/A,#N/A,#N/A,#N/A,#N/A,#N/A,#N/A,#N/A,#N/A,#N/A,#N/A,#N/A,#N/A,#N/A,#N/A,#N/A,#N/A,#N/A,#N/A,#N/A,#N/A,#N/A,#N/A,#N/A,#N/A,#N/A,#N/A,#N/A,#N/A,#N/A,#N/A,#N/A,#N/A,#N/A,#N/A,#N/A,0.09,0.08,0.09,0.10,0.11,0.09,0.07,0.08,#N/A,#N/A,#N/A,#N/A,#N/A,#N/A,#N/A,#N/A,#N/A,#N/A,#N/A,#N/A,#N/A,#N/A,#N/A,#N/A,#N/A,0.03,0.04,0.04,0.05,0.04,0.06,0.09,0.10,0.15,0.07,0.05
Honduras,#N/A,#N/A,0.96,0.91,0.96,1.00,1.10,1.12,1.65,1.72,1.51,1.17,1.08,0.99,0.93,1.28,1.23,1.18,1.14,1.09,1.07,1.37,1.47,1.84,1.68,1.60,1.90,1.76,1.90,2.27,2.24,2.22,2.15,2.31,2.27,2.44,2.58,2.77,2.95,2.85,2.67,2.20,1.54,#N/A,1.16,#N/A,#N/A,#N/A,#N/A,#N/A,#N/A,0.73,0.82,0.81,1.00,0.68,0.64,0.69,0.78,0.95,1.07,1.07,1.13,1.13,1.38,1.19,1.35,1.53,1.59,1.49,1.57,1.44,1.48,1.45,1.57
Jamaica,#N/A,#N/A,#N/A,#N/A,#N/A,#N/A,#N/A,#N/A,#N/A,#N/A,#N/A,#N/A,#N/A,#N/A,#N/A,#N/A,#N/A,#N/A,#N/A,#N/A,#N/A,#N/A,#N/A,#N/A,#N/A,#N/A,#N/A,0.93,0.94,#N/A,#N/A,#N/A,1.51,1.63,1.39,1.06,0.89,0.85,0.77,0.81,0.93,0.84,0.76,1.11,0.82,0.63,0.54,0.57,0.66,0.54,0.51,0.49,0.50,0.59,0.58,0.54,0.53,0.61,0.65,0.95,0.95,0.87,0.93,0.93,0.90,0.87,0.87,0.95,0.97,1.33,1.68,1.71,1.47,1.29,1.22
Mexico,0.88,0.86,0.76,0.72,0.81,0.88,0.79,0.74,0.73,0.69,0.64,0.67,0.65,0.69,0.72,0.68,0.59,0.58,0.55,0.55,0.60,0.50,0.49,0.54,0.54,0.57,0.57,0.60,0.53,0.50,0.51,0.42,0.51,0.50,0.52,0.66,0.68,0.63,0.58,0.54,0.52,0.43,0.44,0.47,0.44,0.52,0.45,0.48,0.46,0.45,0.46,0.45,0.44,0.42,0.41,0.36,0.36,0.31,0.40,0.39,0.50,0.43,0.45,0.46,0.49,0.50,0.45,0.48,0.42,0.46,0.51,0.72,0.66,0.69,0.66
Nicaragua,#N/A,#N/A,#N/A,#N/A,#N/A,#N/A,#N/A,#N/A,#N/A,#N/A,#N/A,#N/A,#N/A,#N/A,#N/A,#N/A,#N/A,#N/A,#N/A,1.46,1.38,1.58,1.51,1.87,1.42,1.45,1.75,2.07,2.47,3.22,3.10,3.35,4.34,#N/A,#N/A,#N/A,#N/A,#N/A,#N/A,#N/A,#N/A,#N/A,4.00,2.63,2.10,1.19,1.10,0.95,0.89,0.74,0.72,0.78,0.68,0.87,0.86,0.73,0.70,0.55,0.53,0.50,0.50,0.51,0.53,0.67,0.68,0.69,0.78,0.64,0.63,0.63,0.61,0.63,0.55,0.54,0.55
Panama,#N/A,#N/A,#N/A,#N/A,#N/A,#N/A,#N/A,#N/A,#N/A,#N/A,#N/A,#N/A,#N/A,#N/A,#N/A,#N/A,#N/A,#N/A,#N/A,#N/A,#N/A,#N/A,#N/A,#N/A,#N/A,#N/A,#N/A,#N/A,#N/A,#N/A,#N/A,#N/A,#N/A,#N/A,#N/A,#N/A,#N/A,#N/A,1.84,2.11,2.08,1.26,1.23,1.08,1.20,1.19,1.12,1.09,1.17,0.95,0.97,#N/A,#N/A,#N/A,#N/A,#N/A,#N/A,#N/A,#N/A,#N/A,#N/A,#N/A,#N/A,#N/A,#N/A,#N/A,#N/A,#N/A,#N/A,#N/A,#N/A,#N/A,#N/A,#N/A,#N/A
Trinidad and Tobago,#N/A,#N/A,#N/A,#N/A,#N/A,#N/A,#N/A,#N/A,#N/A,#N/A,#N/A,#N/A,#N/A,#N/A,#N/A,#N/A,#N/A,#N/A,#N/A,0.67,0.68,0.75,0.96,0.84,0.68,0.42,0.44,0.50,0.49,0.51,0.59,0.59,0.51,#N/A,#N/A,#N/A,#N/A,#N/A,#N/A,#N/A,#N/A,#N/A,#N/A,#N/A,0.49,0.49,#N/A,#N/A,#N/A,#N/A,#N/A,#N/A,0.16,0.21,0.29,0.56,0.60,0.62,0.57,0.49,0.71,0.64,0.57,0.64,0.76,0.66,0.78,0.95,0.87,0.70,0.76,0.86,0.89,0.74,0.89
Canada,#N/A,2.43,4.66,6.80,7.37,6.86,6.18,5.69,5.35,4.94,4.40,4.19,4.13,4.00,3.62,3.40,2.93,2.68,2.75,2.54,2.27,2.19,2.13,2.01,1.83,1.78,1.86,1.77,1.81,1.85,1.71,1.76,1.71,1.95,2.08,2.12,2.10,2.11,2.06,1.99,1.93,1.96,1.90,1.86,1.82,1.70,1.55,1.40,1.25,1.26,1.24,1.11,1.13,1.12,1.11,1.10,1.11,1.12,1.19,1.25,1.38,1.19,1.19,1.12,1.00,0.99,1.15,1.16,1.35,1.32,1.28,1.40,1.27,1.20,1.29
United States of America,5.27,5.08,10.17,13.86,13.58,11.74,10.16,9.90,9.99,10.07,9.44,8.99,9.16,9.33,8.83,8.05,7.59,8.44,9.42,9.27,8.63,8.03,6.94,6.52,5.89,5.95,5.62,5.19,5.16,4.94,4.95,5.15,5.65,6.81,6.32,6.24,6.45,6.63,6.42,6.07,5.87,5.61,4.88,4.97,4.60,4.22,3.86,3.55,3.41,3.20,3.09,3.11,3.12,3.45,3.83,4.02,4.09,4.04,4.07,4.45,4.88,4.90,4.82,4.46,4.02,3.68,3.46,3.40,3.30,3.30,3.41,3.65,3.42,3.34,3.36
Argentina,#N/A,2.91,#N/A,#N/A,#N/A,#N/A,#N/A,#N/A,#N/A,#N/A,0.81,1.55,2.14,2.66,1.68,1.15,1.07,1.17,1.40,1.69,1.94,1.88,1.81,1.82,1.85,1.66,2.04,3.78,4.01,4.72,4.67,3.10,3.47,2.70,2.74,2.16,2.30,2.31,2.28,2.12,1.88,1.45,1.51,1.42,1.42,1.46,1.47,1.24,1.14,1.14,1.22,1.15,1.18,1.09,1.06,0.88,0.85,0.79,0.79,0.76,0.89,0.81,0.76,0.78,0.84,0.88,0.85,0.81,0.85,0.73,0.70,0.73,0.63,0.69,0.47
Bolivia,#N/A,#N/A,#N/A,#N/A,0.53,#N/A,0.32,0.36,0.82,#N/A,#N/A,#N/A,1.20,1.16,1.33,#N/A,#N/A,#N/A,#N/A,1.35,1.32,1.61,1.39,1.60,1.62,1.84,2.37,2.37,2.25,2.60,2.71,3.17,3.90,1.98,1.50,2.17,2.01,2.35,2.38,2.02,2.16,2.82,2.69,2.51,1.92,2.25,2.10,1.99,2.27,2.69,2.13,2.06,2.32,1.99,2.15,1.90,1.72,1.47,1.49,2.19,1.76,2.79,1.68,1.85,1.84,1.90,1.76,1.53,1.54,1.50,1.45,1.39,1.33,0.97,1.39
Brazil,#N/A,#N/A,#N/A,#N/A,3.60,#N/A,#N/A,#N/A,4.40,4.07,2.96,2.68,2.36,2.40,2.26,2.01,3.35,3.02,2.86,2.65,2.62,2.89,2.62,2.44,2.15,1.94,1.97,2.00,1.69,1.60,1.52,1.14,1.14,1.30,1.25,1.20,1.43,1.22,1.74,2.12,2.69,2.36,1.96,1.52,1.93,2.02,1.86,1.65,1.58,1.66,1.65,1.73,1.95,1.90,1.50,1.46,1.52,1.48,1.47,1.44,1.54,1.54,1.41,1.38,1.33,1.33,1.37,1.35,1.41,1.47,1.38,1.33,1.16,1.07,1.08
Chile,#N/A,2.64,3.07,2.57,2.78,1.69,2.30,2.30,3.05,2.70,2.15,3.12,3.53,3.04,2.87,2.64,2.89,2.74,2.71,2.53,2.26,4.45,6.26,6.63,6.28,7.11,6.74,6.09,6.92,6.73,6.33,6.48,7.02,8.88,7.58,7.61,6.90,6.29,5.64,4.14,3.59,3.40,2.85,2.63,2.71,2.60,2.56,2.45,2.50,2.59,2.71,2.69,2.65,2.53,2.70,2.71,2.53,2.51,2.33,2.58,2.28,2.25,2.26,2.05,1.99,1.97,1.91,1.92,1.94,1.88,1.86,2.06,1.64,1.55,1.63
Colombia,#N/A,#N/A,#N/A,#N/A,#N/A,#N/A,#N/A,#N/A,#N/A,2.35,1.83,1.88,2.14,3.10,3.52,3.18,3.19,3.17,3.12,2.39,2.05,2.26,3.37,1.97,1.69,1.58,1.74,1.49,1.44,1.55,1.67,1.83,1.76,1.71,2.22,2.33,2.05,1.94,1.98,2.20,2.19,1.86,1.85,2.11,2.53,2.51,2.83,4.45,2.80,3.44,3.76,3.03,3.32,3.42,3.46,3.47,3.37,3.30,3.29,3.74,3.89,3.64,3.08,3.16,3.27,3.11,3.11,3.07,3.21,3.03,3.15,3.54,3.20,2.81,2.87
Ecuador,#N/A,#N/A,#N/A,#N/A,1.94,#N/A,#N/A,#N/A,2.41,2.28,1.90,2.38,2.05,2.05,1.77,1.91,2.07,1.82,1.80,1.92,2.37,1.83,1.85,1.99,1.98,2.02,2.37,2.20,3.08,2.14,1.99,1.78,1.68,1.65,1.57,1.49,1.78,1.84,1.97,1.98,1.92,1.89,1.78,1.67,1.82,1.56,2.34,1.95,2.10,2.36,1.75,1.45,1.57,1.77,2.28,1.94,2.30,2.03,2.57,2.67,3.12,3.01,3.10,2.95,2.88,2.74,2.62,2.51,2.36,2.37,2.17,2.37,2.27,2.25,2.30
Guyana,#N/A,#N/A,#N/A,#N/A,#N/A,#N/A,#N/A,#N/A,#N/A,#N/A,#N/A,#N/A,#N/A,#N/A,#N/A,#N/A,#N/A,#N/A,#N/A,#N/A,#N/A,#N/A,#N/A,#N/A,1.65,2.85,6.96,8.35,6.07,3.89,3.72,3.70,3.94,5.13,4.52,4.67,8.44,5.36,3.09,2.66,1.58,0.91,0.58,0.97,0.95,1.01,0.92,0.79,#N/A,#N/A,#N/A,1.77,2.02,2.29,2.20,2.81,1.41,0.81,0.91,1.01,0.98,0.91,0.88,0.83,0.84,0.95,1.08,1.15,1.25,1.29,1.30,1.40,0.95,0.60,0.59
Paraguay,#N/A,#N/A,#N/A,#N/A,#N/A,#N/A,#N/A,#N/A,#N/A,#N/A,#N/A,2.53,2.28,2.30,2.40,2.40,2.63,2.92,3.03,3.21,3.16,3.32,3.23,3.85,3.42,2.56,3.13,2.99,2.89,2.96,2.03,2.18,2.53,3.80,3.65,3.51,3.76,3.80,2.77,3.20,2.43,2.13,2.83,2.37,2.18,2.05,2.28,2.06,1.69,1.54,1.39,1.24,1.07,0.97,0.83,0.88,0.72,0.79,0.74,0.68,0.75,0.75,0.84,0.96,0.96,0.99,1.07,0.95,0.89,0.96,0.97,1.03,0.93,0.83,0.91
Peru,2.90,2.83,2.92,2.66,2.78,2.69,2.77,2.98,2.92,2.90,2.80,2.51,2.64,2.43,3.32,3.34,3.10,2.84,4.70,2.36,2.39,3.51,3.62,3.63,3.93,3.93,5.22,5.68,8.21,6.20,3.35,4.56,3.98,5.11,4.85,3.36,3.87,3.35,3.41,2.19,2.19,2.68,2.02,2.51,2.75,2.47,2.64,2.50,2.00,2.02,1.93,1.79,1.75,1.54,1.51,1.38,1.58,1.46,1.30,1.25,1.53,1.48,1.37,1.48,1.64,1.60,1.75,1.32,1.27,1.19,1.21,1.31,1.18,1.15,1.12
Uruguay,#N/A,#N/A,#N/A,#N/A,#N/A,#N/A,#N/A,#N/A,#N/A,#N/A,#N/A,#N/A,#N/A,#N/A,#N/A,#N/A,#N/A,#N/A,#N/A,#N/A,#N/A,#N/A,#N/A,2.20,3.76,4.53,4.29,3.48,3.75,3.62,3.80,4.70,6.26,6.45,5.38,4.58,4.30,4.12,3.04,3.16,3.53,3.53,2.39,2.85,2.79,2.58,2.71,2.81,2.40,2.26,2.39,2.44,2.50,2.53,2.24,2.04,2.00,2.01,1.78,1.87,1.82,1.88,1.72,1.80,1.82,1.81,1.82,1.72,1.81,1.97,1.89,2.04,2.10,1.83,2.00
Venezuela,#N/A,#N/A,#N/A,#N/A,#N/A,#N/A,2.58,2.75,3.22,3.43,2.96,3.06,1.42,2.31,2.55,2.45,2.64,2.66,2.86,2.68,2.50,2.29,2.70,2.83,2.47,2.31,2.59,1.89,2.07,2.11,1.92,1.70,1.52,2.25,2.97,2.29,1.37,1.65,1.63,1.82,2.79,1.52,1.84,1.64,2.15,1.59,1.55,1.04,1.80,1.59,1.44,1.53,1.56,1.15,1.18,1.29,1.83,1.98,1.89,1.79,1.23,1.01,1.13,1.34,1.67,1.16,0.94,0.45,2.23,0.15,1.79,1.58,0.31,0.65,0.50
Australia,#N/A,2.88,3.74,5.18,4.80,3.97,3.86,3.67,3.32,3.25,3.10,2.37,2.42,2.36,2.45,2.65,2.95,3.45,3.79,3.84,3.39,2.97,2.76,2.69,2.38,2.26,2.27,2.22,2.25,2.22,2.19,2.25,2.30,2.39,2.52,2.51,2.52,2.54,2.37,2.16,2.05,2.08,2.17,2.17,2.18,2.12,2.02,1.93,1.87,1.87,1.89,1.83,1.87,1.87,1.85,1.83,1.80,1.82,1.81,1.80,1.92,1.85,1.76,1.67,1.64,1.77,1.95,2.09,2.00,1.90,1.88,2.01,1.99,1.91,1.92
Fiji,#N/A,#N/A,#N/A,#N/A,#N/A,#N/A,#N/A,#N/A,#N/A,#N/A,#N/A,#N/A,#N/A,#N/A,#N/A,#N/A,#N/A,#N/A,#N/A,0.21,0.19,0.19,0.22,0.25,0.22,0.24,0.30,0.40,0.51,0.87,0.94,0.86,0.92,1.15,1.24,1.22,1.13,1.04,1.97,2.05,2.27,2.11,2.17,1.84,1.81,1.70,1.63,1.42,1.36,1.26,1.13,1.76,1.82,1.55,1.49,1.58,1.32,1.61,2.24,1.52,1.79,1.61,1.61,1.49,1.39,1.54,0.91,1.10,1.40,1.46,1.44,1.59,1.60,1.35,1.32
New Zealand,#N/A,#N/A,#N/A,#N/A,#N/A,#N/A,#N/A,3.11,2.86,2.83,2.82,2.69,2.49,2.31,2.20,2.47,2.36,2.64,2.62,2.73,2.57,2.63,2.32,2.18,1.97,2.07,2.08,1.94,2.12,2.21,2.16,3.02,2.73,2.58,2.44,2.38,2.36,2.37,2.41,2.08,2.15,2.33,2.26,2.07,1.90,1.83,1.82,1.78,1.70,1.70,1.62,1.67,1.58,1.45,1.39,1.25,1.14,1.24,1.18,1.15,1.22,1.21,1.16,1.12,1.04,1.00,0.99,1.04,1.05,1.11,1.29,1.34,1.16,1.17,1.22
Papua New Guinea,#N/A,#N/A,#N/A,#N/A,#N/A,#N/A,#N/A,#N/A,#N/A,#N/A,#N/A,#N/A,#N/A,#N/A,#N/A,#N/A,#N/A,#N/A,#N/A,#N/A,#N/A,#N/A,#N/A,#N/A,#N/A,#N/A,0.60,1.63,1.25,1.27,1.21,1.40,1.41,#N/A,#N/A,#N/A,1.56,1.56,1.61,1.27,1.50,1.42,0.92,0.89,0.92,1.01,0.78,1.02,1.08,0.88,0.69,0.64,0.55,0.37,0.35,0.39,0.42,0.38,0.41,0.34,0.45,0.33,0.36,0.52,0.49,0.48,0.46,0.38,0.36,0.33,0.36,0.39,0.33,0.31,0.31
Afghanistan,#N/A,#N/A,#N/A,#N/A,#N/A,#N/A,#N/A,#N/A,#N/A,#N/A,#N/A,#N/A,#N/A,#N/A,#N/A,#N/A,#N/A,#N/A,#N/A,#N/A,#N/A,1.63,#N/A,#N/A,1.87,1.61,1.72,2.05,2.01,#N/A,#N/A,#N/A,#N/A,#N/A,#N/A,#N/A,#N/A,#N/A,#N/A,#N/A,#N/A,#N/A,#N/A,#N/A,#N/A,#N/A,#N/A,#N/A,#N/A,#N/A,#N/A,#N/A,#N/A,#N/A,#N/A,2.43,1.99,1.90,2.57,2.34,2.09,1.95,1.82,1.18,1.08,1.30,0.99,0.96,0.95,1.01,1.17,1.36,1.83,#N/A,#N/A
Bangladesh,#N/A,#N/A,#N/A,#N/A,#N/A,#N/A,#N/A,#N/A,#N/A,#N/A,#N/A,#N/A,#N/A,#N/A,#N/A,#N/A,#N/A,#N/A,#N/A,#N/A,#N/A,#N/A,#N/A,#N/A,0.66,0.60,0.84,1.52,1.57,1.27,0.93,0.86,0.92,1.06,1.27,1.18,1.05,1.11,1.17,1.25,1.29,1.22,1.21,1.36,1.43,1.53,1.57,1.54,1.57,1.57,1.58,1.36,1.29,1.05,1.00,1.00,0.97,0.99,1.00,0.94,1.03,1.18,1.22,1.18,1.11,1.14,1.21,1.23,1.13,1.15,1.24,1.24,1.17,1.05,1.02
India,#N/A,#N/A,#N/A,#N/A,#N/A,#N/A,#N/A,2.02,2.48,1.92,2.14,2.00,2.07,2.75,4.03,3.82,3.87,3.57,3.22,3.25,3.14,3.19,3.65,3.72,3.16,3.20,3.53,3.48,3.16,3.13,3.26,3.13,3.19,3.35,3.32,3.42,3.57,4.11,4.23,3.73,3.53,3.15,2.91,2.70,2.82,2.66,2.58,2.47,2.65,2.73,2.96,2.95,2.92,2.83,2.68,2.83,2.91,2.68,2.48,2.63,3.13,2.89,2.70,2.62,2.55,2.54,2.46,2.54,2.53,2.42,2.55,2.81,2.48,2.36,2.44
Nepal,#N/A,#N/A,#N/A,#N/A,#N/A,#N/A,#N/A,#N/A,#N/A,#N/A,#N/A,#N/A,#N/A,#N/A,#N/A,#N/A,#N/A,#N/A,#N/A,#N/A,#N/A,0.59,0.62,0.65,0.66,0.61,0.68,0.86,0.89,0.86,0.91,1.03,0.99,1.09,1.25,1.22,1.20,1.18,1.16,1.08,1.11,1.08,1.10,1.07,1.05,0.97,0.94,0.90,0.88,0.93,0.95,0.96,1.10,1.45,1.59,1.79,1.93,1.75,1.55,1.60,1.44,1.37,1.35,1.26,1.37,1.50,1.40,1.49,1.56,1.47,1.34,1.36,1.27,1.11,1.08
Pakistan,#N/A,#N/A,#N/A,#N/A,6.32,5.35,5.57,5.03,4.17,4.25,4.34,4.31,4.10,3.66,3.65,3.87,5.90,6.73,5.40,5.10,5.51,6.16,6.74,6.87,6.21,6.09,6.32,5.89,5.55,5.50,5.45,5.52,5.71,6.38,6.64,6.66,6.92,6.99,6.97,6.79,6.53,6.52,6.57,6.70,6.43,5.92,5.82,6.04,5.62,5.42,5.19,4.17,3.88,4.07,4.09,3.96,3.90,3.65,3.51,3.46,3.27,3.04,2.92,3.10,3.09,3.10,3.16,3.20,3.36,3.59,3.51,3.49,3.39,3.16,2.80
Sri Lanka,#N/A,#N/A,0.25,0.34,0.45,0.67,0.55,0.68,0.91,1.24,1.23,1.18,1.18,1.08,0.90,0.85,0.85,0.87,0.85,0.79,0.81,0.92,1.36,#N/A,0.87,0.80,0.80,0.66,0.68,0.80,0.83,0.77,0.63,0.54,0.89,0.92,3.16,2.70,3.39,2.37,1.80,2.33,3.08,3.37,3.43,3.73,5.86,5.52,4.63,4.64,4.03,5.03,4.29,3.34,2.87,3.00,2.64,2.80,3.26,3.24,3.16,2.70,2.69,2.16,2.15,2.41,2.42,1.98,1.98,1.73,1.75,1.74,1.71,1.34,1.64
China,#N/A,#N/A,#N/A,#N/A,#N/A,#N/A,#N/A,#N/A,#N/A,#N/A,#N/A,#N/A,#N/A,#N/A,#N/A,#N/A,#N/A,#N/A,#N/A,#N/A,#N/A,#N/A,#N/A,#N/A,#N/A,#N/A,#N/A,#N/A,#N/A,#N/A,#N/A,#N/A,#N/A,#N/A,#N/A,#N/A,#N/A,#N/A,#N/A,#N/A,2.45,2.45,2.31,2.45,1.93,1.69,1.69,1.65,1.63,1.66,1.87,1.84,1.98,2.06,2.00,1.94,1.87,1.87,1.75,1.72,1.89,1.73,1.66,1.70,1.71,1.74,1.78,1.77,1.71,1.67,1.68,1.76,1.61,1.62,1.67
Japan,#N/A,#N/A,#N/A,2.07,2.03,2.19,2.10,1.75,1.50,1.43,1.26,1.08,0.92,0.88,0.90,0.88,0.90,0.88,0.84,0.79,0.77,0.77,0.82,0.84,0.82,0.86,0.91,0.89,0.89,0.89,0.91,0.91,0.92,0.93,0.95,0.96,0.96,0.96,0.97,0.95,0.94,0.94,0.94,0.95,0.95,0.92,0.92,0.91,0.92,0.94,0.95,0.92,0.93,0.94,0.94,0.93,0.92,0.90,0.88,0.91,0.97,0.95,0.97,0.96,0.94,0.96,0.95,0.93,0.91,0.96,0.99,1.02,1.02,1.11,1.20
Korea North,#N/A,#N/A,#N/A,#N/A,#N/A,#N/A,#N/A,#N/A,#N/A,#N/A,#N/A,#N/A,#N/A,#N/A,#N/A,#N/A,#N/A,#N/A,#N/A,#N/A,#N/A,#N/A,#N/A,#N/A,#N/A,#N/A,#N/A,#N/A,#N/A,#N/A,#N/A,#N/A,#N/A,#N/A,#N/A,#N/A,#N/A,#N/A,#N/A,#N/A,#N/A,#N/A,#N/A,#N/A,#N/A,#N/A,#N/A,#N/A,#N/A,#N/A,#N/A,#N/A,#N/A,#N/A,#N/A,#N/A,#N/A,#N/A,#N/A,#N/A,#N/A,#N/A,#N/A,#N/A,#N/A,#N/A,#N/A,#N/A,#N/A,#N/A,#N/A,#N/A,#N/A,#N/A,#N/A
Korea South,#N/A,#N/A,#N/A,#N/A,2.36,5.85,6.24,8.33,6.80,7.43,7.64,7.16,6.73,6.87,4.82,4.13,4.41,4.69,4.69,4.73,4.69,4.40,4.73,5.01,4.03,4.54,4.88,5.91,6.03,6.37,5.53,6.40,6.42,6.24,5.73,5.25,5.23,4.95,4.47,4.28,4.29,4.00,3.71,3.69,3.42,3.19,2.89,2.74,2.66,2.79,2.49,2.46,2.43,2.32,2.33,2.33,2.47,2.49,2.47,2.49,2.60,2.46,2.47,2.50,2.50,2.53,2.49,2.46,2.42,2.50,2.67,2.80,2.80,2.77,2.81
Mongolia,#N/A,#N/A,#N/A,#N/A,#N/A,#N/A,#N/A,#N/A,#N/A,#N/A,#N/A,#N/A,#N/A,#N/A,#N/A,#N/A,#N/A,#N/A,#N/A,#N/A,#N/A,#N/A,#N/A,#N/A,#N/A,#N/A,#N/A,#N/A,#N/A,#N/A,#N/A,#N/A,#N/A,#N/A,#N/A,#N/A,#N/A,#N/A,5.83,6.34,6.25,4.28,3.23,1.91,1.71,1.65,1.62,1.78,1.64,1.91,1.84,2.02,1.78,1.80,1.51,1.38,1.02,0.96,1.05,0.82,0.63,0.76,0.84,0.92,0.82,0.86,0.88,0.86,0.76,0.67,0.66,0.71,0.62,0.51,0.60
Taiwan,#N/A,#N/A,#N/A,#N/A,#N/A,#N/A,#N/A,#N/A,#N/A,#N/A,#N/A,#N/A,#N/A,#N/A,#N/A,#N/A,#N/A,#N/A,#N/A,#N/A,#N/A,#N/A,#N/A,#N/A,#N/A,#N/A,#N/A,6.24,6.92,7.02,7.58,7.29,6.65,6.99,6.34,5.73,6.09,5.44,4.93,5.14,5.28,5.22,4.97,4.69,4.96,4.66,4.11,4.02,3.72,3.29,2.88,2.65,2.66,2.44,2.35,2.25,2.13,1.97,2.00,2.15,2.33,2.04,2.06,2.12,1.94,1.85,1.87,1.82,1.82,1.74,1.82,1.90,1.87,1.97,2.17
Brunei,#N/A,#N/A,#N/A,#N/A,#N/A,#N/A,#N/A,#N/A,#N/A,#N/A,#N/A,#N/A,#N/A,#N/A,#N/A,#N/A,#N/A,#N/A,#N/A,#N/A,#N/A,#N/A,5.00,3.82,3.28,2.03,3.53,4.76,4.14,4.60,6.12,2.89,3.56,3.96,3.05,2.57,2.89,4.67,3.79,6.63,6.21,6.44,6.40,6.25,5.74,5.98,5.48,6.25,7.18,7.53,6.13,4.07,3.89,3.87,3.71,2.53,2.35,2.30,2.38,2.26,2.94,2.85,2.24,2.16,2.28,3.09,3.28,3.54,2.87,2.64,3.08,3.63,3.24,2.61,2.97
Cambodia,#N/A,#N/A,#N/A,#N/A,#N/A,#N/A,#N/A,#N/A,#N/A,#N/A,#N/A,#N/A,#N/A,#N/A,#N/A,#N/A,#N/A,#N/A,#N/A,#N/A,#N/A,#N/A,#N/A,#N/A,#N/A,#N/A,#N/A,#N/A,#N/A,#N/A,#N/A,#N/A,#N/A,#N/A,#N/A,#N/A,#N/A,1.15,1.57,1.28,1.99,2.07,2.33,3.15,1.76,3.84,3.58,3.24,3.00,2.66,2.51,2.21,1.77,1.52,1.45,1.30,1.13,1.04,0.91,0.80,1.31,1.49,1.50,1.55,1.58,1.66,1.80,1.91,2.07,2.21,2.20,2.40,2.32,2.09,2.09
Indonesia,#N/A,#N/A,#N/A,#N/A,#N/A,#N/A,#N/A,#N/A,#N/A,#N/A,#N/A,#N/A,#N/A,#N/A,#N/A,#N/A,#N/A,#N/A,#N/A,#N/A,#N/A,#N/A,#N/A,#N/A,#N/A,2.71,3.49,3.42,3.21,3.16,3.02,2.92,2.88,2.90,2.40,2.29,2.17,2.01,1.72,1.53,1.39,1.41,1.32,1.36,1.22,1.27,1.23,1.26,1.50,1.02,0.81,0.68,0.57,0.70,0.91,0.95,0.75,0.66,0.71,0.58,0.57,0.62,0.65,0.71,0.92,0.78,0.88,0.79,0.87,0.72,0.73,0.89,0.74,0.77,0.68
Laos,#N/A,#N/A,#N/A,#N/A,#N/A,#N/A,#N/A,#N/A,#N/A,#N/A,#N/A,#N/A,#N/A,#N/A,#N/A,#N/A,#N/A,#N/A,#N/A,#N/A,#N/A,#N/A,#N/A,#N/A,#N/A,#N/A,#N/A,#N/A,#N/A,#N/A,#N/A,#N/A,#N/A,#N/A,#N/A,#N/A,#N/A,#N/A,#N/A,#N/A,#N/A,#N/A,#N/A,8.68,8.11,7.52,5.83,4.19,3.84,2.59,1.06,0.79,0.72,0.58,0.49,0.43,0.39,0.34,0.31,0.27,0.22,0.20,0.21,0.20,0.19,#N/A,#N/A,#N/A,#N/A,#N/A,#N/A,#N/A,#N/A,#N/A,#N/A
Malaysia,#N/A,#N/A,#N/A,#N/A,#N/A,#N/A,3.85,3.50,3.75,4.06,3.08,2.68,2.23,2.19,2.42,3.16,4.01,4.73,4.50,4.45,3.92,5.17,5.37,4.98,3.87,4.18,4.72,3.98,4.85,3.71,3.67,4.23,5.79,5.37,4.42,3.75,3.45,3.22,4.15,2.43,2.62,2.56,3.20,2.99,2.88,2.85,2.75,2.40,2.09,1.61,2.10,1.63,2.08,2.22,2.61,2.26,2.17,2.01,1.96,1.82,1.87,1.49,1.55,1.41,1.50,1.46,1.50,1.38,1.10,0.96,0.89,1.00,0.98,0.90,0.93
Myanmar,#N/A,#N/A,#N/A,#N/A,#N/A,#N/A,#N/A,#N/A,#N/A,#N/A,#N/A,#N/A,6.12,5.69,6.85,6.02,6.70,6.13,5.20,5.02,5.31,5.60,5.65,5.45,5.11,4.02,3.77,3.79,4.04,3.92,3.56,3.42,3.46,3.22,3.07,2.92,2.98,2.88,1.97,2.14,2.96,3.40,3.17,3.35,3.52,3.54,3.68,3.49,2.31,2.01,1.73,2.00,1.56,1.13,1.67,1.66,1.35,#N/A,#N/A,#N/A,#N/A,#N/A,#N/A,3.85,4.00,3.79,4.30,4.09,3.64,2.36,2.19,2.99,4.25,4.09,3.79
Philippines,#N/A,#N/A,#N/A,#N/A,#N/A,#N/A,#N/A,#N/A,#N/A,1.96,1.84,1.78,1.70,1.81,1.86,1.70,1.55,1.65,1.74,1.87,2.09,2.16,2.07,2.34,2.81,3.56,#N/A,3.93,3.62,2.58,2.96,2.71,2.76,2.60,2.41,1.63,1.98,1.99,1.97,2.46,2.24,2.15,2.01,2.04,2.16,2.17,2.29,2.27,1.91,1.70,1.62,1.61,1.47,1.47,1.55,1.36,1.28,1.26,1.29,1.25,1.20,1.17,1.15,1.11,1.19,1.04,1.09,1.05,1.17,1.18,1.13,1.30,1.41,1.32,1.25
Singapore,#N/A,#N/A,#N/A,#N/A,#N/A,#N/A,#N/A,#N/A,#N/A,#N/A,#N/A,#N/A,#N/A,#N/A,#N/A,#N/A,#N/A,#N/A,#N/A,#N/A,#N/A,5.40,5.64,5.09,4.70,4.29,4.65,5.04,5.68,5.20,4.65,4.64,4.74,4.65,4.07,4.70,5.66,5.44,4.87,4.55,4.49,4.63,4.45,4.47,4.09,3.79,4.18,4.25,4.45,5.21,5.21,4.52,4.83,4.92,4.87,4.42,4.28,3.92,3.60,3.85,3.88,3.38,3.19,3.11,3.04,3.05,3.05,3.10,2.97,2.81,2.76,2.81,2.60,2.58,2.66
Thailand,#N/A,#N/A,#N/A,#N/A,#N/A,#N/A,#N/A,#N/A,3.58,3.25,3.01,2.47,2.10,2.63,2.62,2.43,2.33,2.17,2.43,2.75,2.99,3.07,3.56,3.47,2.88,2.66,2.80,3.13,3.48,3.92,4.38,4.24,4.06,4.12,3.95,4.06,4.19,3.80,3.36,2.93,2.68,2.59,2.65,2.66,2.52,2.50,2.27,2.15,2.17,1.86,1.62,1.49,1.43,1.33,1.23,1.13,0.99,0.95,1.02,1.25,1.54,1.52,1.39,1.39,1.35,1.38,1.34,1.32,1.33,1.33,1.33,1.46,1.42,1.24,1.17
Timor Leste,#N/A,#N/A,#N/A,#N/A,#N/A,#N/A,#N/A,#N/A,#N/A,#N/A,#N/A,#N/A,#N/A,#N/A,#N/A,#N/A,#N/A,#N/A,#N/A,#N/A,#N/A,#N/A,#N/A,#N/A,#N/A,#N/A,#N/A,#N/A,#N/A,#N/A,#N/A,#N/A,#N/A,#N/A,#N/A,#N/A,#N/A,#N/A,#N/A,#N/A,#N/A,#N/A,#N/A,#N/A,#N/A,#N/A,#N/A,#N/A,#N/A,#N/A,#N/A,#N/A,#N/A,#N/A,#N/A,#N/A,1.78,3.77,4.37,3.65,5.02,2.99,1.97,2.88,2.27,2.05,2.32,1.59,1.59,1.32,1.70,1.78,1.08,1.11,1.26
Viet Nam,#N/A,#N/A,#N/A,#N/A,#N/A,#N/A,#N/A,#N/A,#N/A,#N/A,#N/A,#N/A,#N/A,#N/A,#N/A,#N/A,#N/A,#N/A,#N/A,#N/A,#N/A,#N/A,#N/A,#N/A,#N/A,#N/A,#N/A,#N/A,#N/A,#N/A,#N/A,#N/A,#N/A,#N/A,#N/A,#N/A,#N/A,#N/A,3.95,7.10,7.29,7.91,5.60,3.37,2.26,2.65,#N/A,#N/A,#N/A,#N/A,#N/A,#N/A,#N/A,#N/A,2.13,2.01,1.78,1.94,2.30,2.16,2.27,1.82,1.56,1.72,1.74,1.82,1.91,1.95,1.80,1.81,#N/A,#N/A,#N/A,#N/A,#N/A
Kazakhstan,#N/A,#N/A,#N/A,#N/A,#N/A,#N/A,#N/A,#N/A,#N/A,#N/A,#N/A,#N/A,#N/A,#N/A,#N/A,#N/A,#N/A,#N/A,#N/A,#N/A,#N/A,#N/A,#N/A,#N/A,#N/A,#N/A,#N/A,#N/A,#N/A,#N/A,#N/A,#N/A,#N/A,#N/A,#N/A,#N/A,#N/A,#N/A,#N/A,#N/A,#N/A,#N/A,#N/A,#N/A,1.06,0.84,1.03,1.20,1.11,1.15,0.82,0.78,1.00,1.00,1.03,0.99,1.04,0.98,1.30,1.15,1.10,1.01,0.94,1.05,1.08,1.04,1.11,0.93,0.83,0.84,1.02,0.91,0.82,0.52,0.48
Kyrgyz Republic,#N/A,#N/A,#N/A,#N/A,#N/A,#N/A,#N/A,#N/A,#N/A,#N/A,#N/A,#N/A,#N/A,#N/A,#N/A,#N/A,#N/A,#N/A,#N/A,#N/A,#N/A,#N/A,#N/A,#N/A,#N/A,#N/A,#N/A,#N/A,#N/A,#N/A,#N/A,#N/A,#N/A,#N/A,#N/A,#N/A,#N/A,#N/A,#N/A,#N/A,#N/A,#N/A,#N/A,0.85,0.83,1.09,1.79,1.55,1.76,1.59,1.85,1.88,1.45,1.62,1.70,1.68,1.61,1.67,1.34,1.19,1.43,1.61,1.39,1.63,1.62,1.71,1.75,1.70,1.58,1.54,1.38,1.58,2.84,3.05,3.62
Tajikistan,#N/A,#N/A,#N/A,#N/A,#N/A,#N/A,#N/A,#N/A,#N/A,#N/A,#N/A,#N/A,#N/A,#N/A,#N/A,#N/A,#N/A,#N/A,#N/A,#N/A,#N/A,#N/A,#N/A,#N/A,#N/A,#N/A,#N/A,#N/A,#N/A,#N/A,#N/A,#N/A,#N/A,#N/A,#N/A,#N/A,#N/A,#N/A,#N/A,#N/A,#N/A,#N/A,#N/A,0.00,0.00,0.00,1.10,1.29,1.70,1.71,1.39,0.60,0.58,1.05,1.12,1.13,#N/A,#N/A,#N/A,1.02,0.95,0.95,1.09,1.00,#N/A,1.13,1.28,1.21,1.04,1.05,1.00,0.95,1.02,2.00,1.22
Turkmenistan,#N/A,#N/A,#N/A,#N/A,#N/A,#N/A,#N/A,#N/A,#N/A,#N/A,#N/A,#N/A,#N/A,#N/A,#N/A,#N/A,#N/A,#N/A,#N/A,#N/A,#N/A,#N/A,#N/A,#N/A,#N/A,#N/A,#N/A,#N/A,#N/A,#N/A,#N/A,#N/A,#N/A,#N/A,#N/A,#N/A,#N/A,#N/A,#N/A,#N/A,#N/A,#N/A,#N/A,#N/A,#N/A,1.80,2.32,2.04,3.96,3.11,2.90,#N/A,#N/A,#N/A,#N/A,#N/A,#N/A,#N/A,#N/A,#N/A,#N/A,#N/A,#N/A,#N/A,#N/A,#N/A,#N/A,#N/A,#N/A,#N/A,#N/A,#N/A,#N/A,#N/A,#N/A
Uzbekistan,#N/A,#N/A,#N/A,#N/A,#N/A,#N/A,#N/A,#N/A,#N/A,#N/A,#N/A,#N/A,#N/A,#N/A,#N/A,#N/A,#N/A,#N/A,#N/A,#N/A,#N/A,#N/A,#N/A,#N/A,#N/A,#N/A,#N/A,#N/A,#N/A,#N/A,#N/A,#N/A,#N/A,#N/A,#N/A,#N/A,#N/A,#N/A,#N/A,#N/A,#N/A,#N/A,#N/A,#N/A,#N/A,1.53,1.11,1.23,1.40,#N/A,1.64,1.15,0.83,0.60,0.54,#N/A,#N/A,#N/A,#N/A,#N/A,#N/A,#N/A,#N/A,#N/A,#N/A,#N/A,#N/A,#N/A,#N/A,3.56,#N/A,#N/A,#N/A,#N/A,#N/A
Albania,#N/A,#N/A,#N/A,#N/A,#N/A,#N/A,#N/A,#N/A,#N/A,#N/A,#N/A,#N/A,#N/A,#N/A,#N/A,#N/A,#N/A,#N/A,#N/A,#N/A,#N/A,#N/A,#N/A,#N/A,#N/A,#N/A,#N/A,#N/A,#N/A,#N/A,#N/A,6.05,5.85,5.65,5.44,6.12,5.65,5.63,5.86,5.62,5.17,5.89,5.79,4.67,3.20,2.55,2.05,1.38,1.28,1.24,1.25,1.25,1.31,1.32,1.34,1.38,1.35,1.57,1.82,1.98,1.52,1.56,1.53,1.49,1.41,1.35,1.16,1.10,1.11,1.16,1.28,1.30,1.24,1.21,1.74
Bosnia and Herzegovina,#N/A,#N/A,#N/A,#N/A,#N/A,#N/A,#N/A,#N/A,#N/A,#N/A,#N/A,#N/A,#N/A,#N/A,#N/A,#N/A,#N/A,#N/A,#N/A,#N/A,#N/A,#N/A,#N/A,#N/A,#N/A,#N/A,#N/A,#N/A,#N/A,#N/A,#N/A,#N/A,#N/A,#N/A,#N/A,#N/A,#N/A,#N/A,#N/A,#N/A,#N/A,#N/A,#N/A,#N/A,#N/A,#N/A,#N/A,#N/A,#N/A,#N/A,#N/A,#N/A,#N/A,3.90,2.42,1.89,1.54,1.39,1.24,1.22,1.38,1.28,1.14,1.15,1.09,1.03,0.99,0.92,0.85,0.84,0.81,0.83,0.74,0.68,0.81
Bulgaria,#N/A,#N/A,#N/A,#N/A,#N/A,#N/A,#N/A,#N/A,#N/A,#N/A,#N/A,#N/A,#N/A,#N/A,#N/A,#N/A,#N/A,#N/A,#N/A,#N/A,#N/A,#N/A,#N/A,#N/A,#N/A,#N/A,#N/A,#N/A,#N/A,#N/A,#N/A,#N/A,#N/A,#N/A,#N/A,#N/A,#N/A,#N/A,#N/A,#N/A,4.40,3.83,3.04,2.97,2.61,2.49,2.37,2.40,2.43,2.45,2.65,2.65,2.86,2.78,2.69,2.37,2.24,2.08,2.23,2.13,1.74,1.64,1.31,1.33,1.45,1.31,1.25,1.24,1.22,1.45,3.13,1.59,1.52,1.59,1.85
Croatia,#N/A,#N/A,#N/A,#N/A,#N/A,#N/A,#N/A,#N/A,#N/A,#N/A,#N/A,#N/A,#N/A,#N/A,#N/A,#N/A,#N/A,#N/A,#N/A,#N/A,#N/A,#N/A,#N/A,#N/A,#N/A,#N/A,#N/A,#N/A,#N/A,#N/A,#N/A,#N/A,#N/A,#N/A,#N/A,#N/A,#N/A,#N/A,#N/A,#N/A,#N/A,#N/A,#N/A,7.61,10.73,11.15,9.18,8.16,7.52,5.60,4.42,3.02,2.70,2.71,2.03,1.74,1.75,1.67,1.62,1.83,1.79,1.67,1.74,1.66,1.62,1.82,1.75,1.59,1.64,1.55,1.60,1.70,1.97,1.79,1.78
Czechia,#N/A,#N/A,#N/A,#N/A,#N/A,#N/A,#N/A,#N/A,#N/A,#N/A,#N/A,#N/A,#N/A,#N/A,#N/A,#N/A,#N/A,#N/A,#N/A,#N/A,#N/A,#N/A,#N/A,#N/A,#N/A,#N/A,#N/A,#N/A,#N/A,#N/A,#N/A,#N/A,#N/A,#N/A,#N/A,#N/A,#N/A,#N/A,#N/A,#N/A,#N/A,#N/A,#N/A,#N/A,2.33,2.28,1.84,1.73,1.66,1.83,1.86,1.88,1.75,1.82,1.89,1.71,1.78,1.57,1.42,1.23,1.31,1.19,1.08,1.06,1.02,0.97,0.95,1.00,0.96,1.09,1.15,1.32,1.40,1.38,1.52
Czechoslovakia,#N/A,#N/A,#N/A,#N/A,#N/A,#N/A,#N/A,#N/A,#N/A,#N/A,#N/A,#N/A,#N/A,#N/A,#N/A,#N/A,#N/A,#N/A,#N/A,#N/A,#N/A,#N/A,#N/A,#N/A,#N/A,#N/A,#N/A,#N/A,#N/A,#N/A,#N/A,#N/A,#N/A,#N/A,#N/A,#N/A,#N/A,#N/A,#N/A,#N/A,#N/A,#N/A,#N/A,#N/A,#N/A,#N/A,#N/A,#N/A,#N/A,#N/A,#N/A,#N/A,#N/A,#N/A,#N/A,#N/A,#N/A,#N/A,#N/A,#N/A,#N/A,#N/A,#N/A,#N/A,#N/A,#N/A,#N/A,#N/A,#N/A,#N/A,#N/A,#N/A,#N/A,#N/A,#N/A
Estonia,#N/A,#N/A,#N/A,#N/A,#N/A,#N/A,#N/A,#N/A,#N/A,#N/A,#N/A,#N/A,#N/A,#N/A,#N/A,#N/A,#N/A,#N/A,#N/A,#N/A,#N/A,#N/A,#N/A,#N/A,#N/A,#N/A,#N/A,#N/A,#N/A,#N/A,#N/A,#N/A,#N/A,#N/A,#N/A,#N/A,#N/A,#N/A,#N/A,#N/A,#N/A,#N/A,#N/A,#N/A,0.76,1.04,0.96,0.87,1.05,1.07,1.29,1.38,1.50,1.67,1.74,1.70,1.45,1.39,1.66,1.77,1.80,1.70,1.68,1.90,1.91,1.93,2.03,2.07,2.01,2.01,2.04,2.30,2.03,2.16,2.87
German Democratic Republic,#N/A,#N/A,#N/A,#N/A,#N/A,#N/A,#N/A,#N/A,#N/A,#N/A,#N/A,#N/A,#N/A,#N/A,#N/A,#N/A,#N/A,#N/A,#N/A,#N/A,#N/A,#N/A,#N/A,#N/A,#N/A,#N/A,#N/A,#N/A,#N/A,#N/A,#N/A,#N/A,#N/A,#N/A,#N/A,#N/A,#N/A,#N/A,#N/A,#N/A,#N/A,#N/A,#N/A,#N/A,#N/A,#N/A,#N/A,#N/A,#N/A,#N/A,#N/A,#N/A,#N/A,#N/A,#N/A,#N/A,#N/A,#N/A,#N/A,#N/A,#N/A,#N/A,#N/A,#N/A,#N/A,#N/A,#N/A,#N/A,#N/A,#N/A,#N/A,#N/A,#N/A,#N/A,#N/A
Hungary,#N/A,#N/A,#N/A,#N/A,#N/A,#N/A,#N/A,#N/A,#N/A,#N/A,#N/A,#N/A,#N/A,#N/A,#N/A,#N/A,#N/A,#N/A,#N/A,#N/A,#N/A,4.03,3.74,3.27,3.01,3.21,3.34,3.01,2.96,3.24,3.24,3.34,3.33,3.24,3.34,3.15,4.97,3.22,3.16,3.60,2.79,2.56,2.16,2.18,1.91,1.82,1.32,1.26,1.48,1.27,1.43,1.51,1.57,1.59,1.64,1.47,1.41,1.22,1.27,1.18,1.13,1.02,1.04,1.03,0.94,0.86,0.90,1.00,1.19,1.01,1.34,1.76,1.32,1.84,2.13
Kosovo,#N/A,#N/A,#N/A,#N/A,#N/A,#N/A,#N/A,#N/A,#N/A,#N/A,#N/A,#N/A,#N/A,#N/A,#N/A,#N/A,#N/A,#N/A,#N/A,#N/A,#N/A,#N/A,#N/A,#N/A,#N/A,#N/A,#N/A,#N/A,#N/A,#N/A,#N/A,#N/A,#N/A,#N/A,#N/A,#N/A,#N/A,#N/A,#N/A,#N/A,#N/A,#N/A,#N/A,#N/A,#N/A,#N/A,#N/A,#N/A,#N/A,#N/A,#N/A,#N/A,#N/A,#N/A,#N/A,#N/A,#N/A,#N/A,#N/A,0.02,0.48,0.72,0.80,0.70,0.72,0.76,0.79,0.78,0.80,0.80,0.83,1.02,0.85,1.14,1.25
Latvia,#N/A,#N/A,#N/A,#N/A,#N/A,#N/A,#N/A,#N/A,#N/A,#N/A,#N/A,#N/A,#N/A,#N/A,#N/A,#N/A,#N/A,#N/A,#N/A,#N/A,#N/A,#N/A,#N/A,#N/A,#N/A,#N/A,#N/A,#N/A,#N/A,#N/A,#N/A,#N/A,#N/A,#N/A,#N/A,#N/A,#N/A,#N/A,#N/A,#N/A,#N/A,#N/A,#N/A,#N/A,0.74,0.84,0.81,0.64,0.58,0.59,0.75,0.88,1.04,1.54,1.61,1.60,1.61,1.71,1.55,1.62,1.38,1.08,1.07,0.91,0.94,0.94,1.04,1.45,1.59,2.06,2.02,2.16,2.09,2.09,2.27
Lithuania,#N/A,#N/A,#N/A,#N/A,#N/A,#N/A,#N/A,#N/A,#N/A,#N/A,#N/A,#N/A,#N/A,#N/A,#N/A,#N/A,#N/A,#N/A,#N/A,#N/A,#N/A,#N/A,#N/A,#N/A,#N/A,#N/A,#N/A,#N/A,#N/A,#N/A,#N/A,#N/A,#N/A,#N/A,#N/A,#N/A,#N/A,#N/A,#N/A,#N/A,#N/A,#N/A,#N/A,#N/A,0.81,0.49,0.45,0.50,0.75,1.23,0.97,1.22,1.36,1.27,1.12,1.20,1.16,1.17,1.11,1.13,1.08,0.88,0.79,0.77,0.76,0.88,1.14,1.48,1.71,1.97,2.00,2.07,1.96,2.45,2.72
North Macedonia,#N/A,#N/A,#N/A,#N/A,#N/A,#N/A,#N/A,#N/A,#N/A,#N/A,#N/A,#N/A,#N/A,#N/A,#N/A,#N/A,#N/A,#N/A,#N/A,#N/A,#N/A,#N/A,#N/A,#N/A,#N/A,#N/A,#N/A,#N/A,#N/A,#N/A,#N/A,#N/A,#N/A,#N/A,#N/A,#N/A,#N/A,#N/A,#N/A,#N/A,#N/A,#N/A,#N/A,#N/A,#N/A,#N/A,#N/A,2.81,2.13,2.10,1.71,1.85,6.10,2.65,2.34,2.38,2.03,1.84,1.95,1.74,1.69,1.38,1.26,1.23,1.17,1.09,0.99,0.97,0.90,0.94,1.16,1.24,1.47,1.62,1.70
Montenegro,#N/A,#N/A,#N/A,#N/A,#N/A,#N/A,#N/A,#N/A,#N/A,#N/A,#N/A,#N/A,#N/A,#N/A,#N/A,#N/A,#N/A,#N/A,#N/A,#N/A,#N/A,#N/A,#N/A,#N/A,#N/A,#N/A,#N/A,#N/A,#N/A,#N/A,#N/A,#N/A,#N/A,#N/A,#N/A,#N/A,#N/A,#N/A,#N/A,#N/A,#N/A,#N/A,#N/A,#N/A,#N/A,#N/A,#N/A,#N/A,#N/A,#N/A,#N/A,#N/A,#N/A,#N/A,#N/A,#N/A,2.69,2.29,1.74,1.87,1.84,1.81,1.75,1.66,1.45,1.47,1.40,1.41,1.36,1.37,1.33,1.74,1.56,1.61,1.63
Poland,#N/A,#N/A,#N/A,#N/A,#N/A,#N/A,#N/A,#N/A,#N/A,#N/A,#N/A,#N/A,#N/A,#N/A,#N/A,#N/A,#N/A,#N/A,#N/A,#N/A,#N/A,#N/A,#N/A,#N/A,#N/A,#N/A,#N/A,#N/A,#N/A,#N/A,#N/A,2.65,2.91,3.25,2.90,3.06,3.02,2.94,2.76,2.59,1.82,2.61,2.25,2.23,2.47,2.27,1.96,1.97,2.03,2.02,1.90,1.83,1.91,1.90,1.91,1.87,1.93,1.92,2.00,1.75,1.80,1.85,1.80,1.81,1.80,1.92,2.14,1.95,1.90,2.04,1.98,2.29,2.24,2.23,3.83
Romania,#N/A,#N/A,#N/A,#N/A,#N/A,#N/A,#N/A,#N/A,#N/A,#N/A,#N/A,#N/A,#N/A,#N/A,#N/A,#N/A,#N/A,#N/A,#N/A,#N/A,#N/A,#N/A,#N/A,#N/A,#N/A,#N/A,#N/A,#N/A,#N/A,#N/A,#N/A,2.20,2.20,2.04,1.99,1.91,4.30,4.45,3.91,4.21,4.80,4.55,4.77,4.25,2.74,3.11,2.61,2.37,3.02,3.00,2.64,2.50,2.42,2.29,2.09,2.01,2.01,1.85,1.49,1.40,1.28,1.23,1.24,1.17,1.29,1.35,1.45,1.43,1.73,1.79,1.84,2.01,1.85,1.72,1.61
Serbia,#N/A,#N/A,#N/A,#N/A,#N/A,#N/A,#N/A,#N/A,#N/A,#N/A,#N/A,#N/A,#N/A,#N/A,#N/A,#N/A,#N/A,#N/A,#N/A,#N/A,#N/A,#N/A,#N/A,#N/A,#N/A,#N/A,#N/A,#N/A,#N/A,#N/A,#N/A,#N/A,#N/A,#N/A,#N/A,#N/A,#N/A,#N/A,#N/A,#N/A,#N/A,#N/A,#N/A,#N/A,#N/A,#N/A,#N/A,3.51,3.79,3.51,4.01,5.15,4.03,4.21,3.45,2.97,2.27,2.17,2.25,2.13,2.16,2.09,2.00,1.97,1.90,1.94,1.83,1.74,1.91,1.64,2.53,2.38,2.31,2.71,2.85
Slovakia,#N/A,#N/A,#N/A,#N/A,#N/A,#N/A,#N/A,#N/A,#N/A,#N/A,#N/A,#N/A,#N/A,#N/A,#N/A,#N/A,#N/A,#N/A,#N/A,#N/A,#N/A,#N/A,#N/A,#N/A,#N/A,#N/A,#N/A,#N/A,#N/A,#N/A,#N/A,#N/A,#N/A,#N/A,#N/A,#N/A,#N/A,#N/A,#N/A,#N/A,#N/A,#N/A,#N/A,#N/A,2.00,1.94,3.15,2.97,2.28,1.74,1.57,1.66,1.84,1.78,1.84,1.65,1.68,1.59,1.48,1.46,1.52,1.25,1.07,1.08,0.98,0.98,1.11,1.12,1.10,1.22,1.70,1.92,1.74,1.81,2.02
Slovenia,#N/A,#N/A,#N/A,#N/A,#N/A,#N/A,#N/A,#N/A,#N/A,#N/A,#N/A,#N/A,#N/A,#N/A,#N/A,#N/A,#N/A,#N/A,#N/A,#N/A,#N/A,#N/A,#N/A,#N/A,#N/A,#N/A,#N/A,#N/A,#N/A,#N/A,#N/A,#N/A,#N/A,#N/A,#N/A,#N/A,#N/A,#N/A,#N/A,#N/A,#N/A,#N/A,#N/A,2.25,1.82,1.65,1.57,1.54,1.40,1.36,1.21,1.09,1.30,1.39,1.40,1.43,1.42,1.54,1.44,1.49,1.59,1.60,1.29,1.17,1.05,0.97,0.93,1.00,0.98,0.98,1.05,1.06,1.23,1.29,1.34
Yugoslavia,#N/A,#N/A,#N/A,#N/A,#N/A,#N/A,#N/A,#N/A,#N/A,#N/A,#N/A,#N/A,#N/A,#N/A,#N/A,#N/A,#N/A,#N/A,#N/A,#N/A,#N/A,#N/A,#N/A,#N/A,#N/A,#N/A,#N/A,#N/A,#N/A,#N/A,#N/A,#N/A,#N/A,#N/A,#N/A,#N/A,#N/A,#N/A,#N/A,#N/A,#N/A,#N/A,#N/A,#N/A,#N/A,#N/A,#N/A,#N/A,#N/A,#N/A,#N/A,#N/A,#N/A,#N/A,#N/A,#N/A,#N/A,#N/A,#N/A,#N/A,#N/A,#N/A,#N/A,#N/A,#N/A,#N/A,#N/A,#N/A,#N/A,#N/A,#N/A,#N/A,#N/A,#N/A,#N/A
Armenia,#N/A,#N/A,#N/A,#N/A,#N/A,#N/A,#N/A,#N/A,#N/A,#N/A,#N/A,#N/A,#N/A,#N/A,#N/A,#N/A,#N/A,#N/A,#N/A,#N/A,#N/A,#N/A,#N/A,#N/A,#N/A,#N/A,#N/A,#N/A,#N/A,#N/A,#N/A,#N/A,#N/A,#N/A,#N/A,#N/A,#N/A,#N/A,#N/A,#N/A,#N/A,#N/A,#N/A,2.20,2.30,#N/A,4.06,3.28,3.91,3.53,3.70,3.56,3.13,2.70,2.73,2.74,2.87,2.95,3.04,3.40,4.16,4.27,3.85,3.58,4.00,3.94,4.24,4.09,3.85,4.12,4.79,4.98,4.47,4.08,5.45
Azerbaijan,#N/A,#N/A,#N/A,#N/A,#N/A,#N/A,#N/A,#N/A,#N/A,#N/A,#N/A,#N/A,#N/A,#N/A,#N/A,#N/A,#N/A,#N/A,#N/A,#N/A,#N/A,#N/A,#N/A,#N/A,#N/A,#N/A,#N/A,#N/A,#N/A,#N/A,#N/A,#N/A,#N/A,#N/A,#N/A,#N/A,#N/A,#N/A,#N/A,#N/A,#N/A,#N/A,#N/A,2.40,5.00,1.95,2.74,2.25,2.32,2.41,2.63,2.27,2.31,2.24,2.43,2.63,2.30,3.42,2.86,3.29,3.33,2.79,4.67,4.66,4.54,4.56,5.46,3.69,3.76,3.55,3.85,5.24,4.93,3.80,4.60
Belarus,#N/A,#N/A,#N/A,#N/A,#N/A,#N/A,#N/A,#N/A,#N/A,#N/A,#N/A,#N/A,#N/A,#N/A,#N/A,#N/A,#N/A,#N/A,#N/A,#N/A,#N/A,#N/A,#N/A,#N/A,#N/A,#N/A,#N/A,#N/A,#N/A,#N/A,#N/A,#N/A,#N/A,#N/A,#N/A,#N/A,#N/A,#N/A,#N/A,#N/A,#N/A,#N/A,#N/A,1.62,2.79,3.62,1.70,1.26,1.77,1.50,1.37,1.35,1.44,1.40,1.30,1.36,1.50,1.71,1.65,1.45,1.37,1.34,1.22,1.23,1.27,1.04,1.14,1.52,1.37,1.54,1.40,1.40,1.37,1.65,1.80
Georgia,#N/A,#N/A,#N/A,#N/A,#N/A,#N/A,#N/A,#N/A,#N/A,#N/A,#N/A,#N/A,#N/A,#N/A,#N/A,#N/A,#N/A,#N/A,#N/A,#N/A,#N/A,#N/A,#N/A,#N/A,#N/A,#N/A,#N/A,#N/A,#N/A,#N/A,#N/A,#N/A,#N/A,#N/A,#N/A,#N/A,#N/A,#N/A,#N/A,#N/A,#N/A,#N/A,#N/A,#N/A,#N/A,#N/A,#N/A,2.21,1.25,1.14,0.92,0.62,0.74,1.00,1.07,1.37,3.34,5.22,9.16,8.52,5.61,3.71,3.10,2.98,2.57,2.36,2.00,2.08,1.97,1.90,1.78,1.81,1.61,1.47,1.68
Moldova,#N/A,#N/A,#N/A,#N/A,#N/A,#N/A,#N/A,#N/A,#N/A,#N/A,#N/A,#N/A,#N/A,#N/A,#N/A,#N/A,#N/A,#N/A,#N/A,#N/A,#N/A,#N/A,#N/A,#N/A,#N/A,#N/A,#N/A,#N/A,#N/A,#N/A,#N/A,#N/A,#N/A,#N/A,#N/A,#N/A,#N/A,#N/A,#N/A,#N/A,#N/A,#N/A,#N/A,#N/A,0.53,0.77,0.93,0.91,0.90,0.62,0.51,0.39,0.40,0.42,0.42,0.36,0.40,0.48,0.52,0.61,0.46,0.26,0.27,0.27,0.28,0.29,0.30,0.34,0.32,0.33,0.36,0.39,0.38,0.33,0.55
Russia,#N/A,#N/A,#N/A,#N/A,#N/A,#N/A,#N/A,#N/A,#N/A,#N/A,#N/A,#N/A,#N/A,#N/A,#N/A,#N/A,#N/A,#N/A,#N/A,#N/A,#N/A,#N/A,#N/A,#N/A,#N/A,#N/A,#N/A,#N/A,#N/A,#N/A,#N/A,#N/A,#N/A,#N/A,#N/A,#N/A,#N/A,#N/A,#N/A,#N/A,#N/A,#N/A,#N/A,4.43,4.18,4.52,3.78,3.76,4.04,2.73,3.07,3.31,3.55,3.76,3.67,3.30,3.33,3.25,3.12,3.15,3.92,3.59,3.43,3.69,3.85,4.11,4.87,5.43,4.25,3.72,3.86,4.17,3.61,4.69,5.86
Ukraine,#N/A,#N/A,#N/A,#N/A,#N/A,#N/A,#N/A,#N/A,#N/A,#N/A,#N/A,#N/A,#N/A,#N/A,#N/A,#N/A,#N/A,#N/A,#N/A,#N/A,#N/A,#N/A,#N/A,#N/A,#N/A,#N/A,#N/A,#N/A,#N/A,#N/A,#N/A,#N/A,#N/A,#N/A,#N/A,#N/A,#N/A,#N/A,#N/A,#N/A,#N/A,#N/A,#N/A,#N/A,0.43,2.42,2.73,3.18,3.99,3.24,2.88,3.51,2.77,2.68,2.75,2.51,2.79,2.77,2.87,2.67,2.84,2.74,2.26,2.35,2.39,2.97,3.85,3.67,3.24,3.64,4.07,4.40,3.43,25.88,36.65
Austria,#N/A,#N/A,#N/A,#N/A,#N/A,#N/A,#N/A,#N/A,1.63,1.81,1.70,1.46,1.31,1.35,1.58,1.89,1.51,1.62,1.61,1.54,1.50,1.38,1.25,1.20,1.18,1.28,1.45,1.37,1.35,1.43,1.43,1.42,1.38,1.41,1.39,1.41,1.51,1.51,1.42,1.30,1.23,1.20,1.15,1.10,1.12,1.09,1.07,1.05,1.05,1.02,0.98,0.98,0.91,0.88,0.91,0.89,0.85,0.79,0.90,0.87,0.83,0.82,0.79,0.78,0.75,0.75,0.70,0.73,0.76,0.75,0.75,0.88,0.87,0.77,0.84
Belgium,#N/A,#N/A,#N/A,#N/A,4.86,4.88,3.78,3.56,3.61,3.57,3.52,3.40,3.26,3.28,3.22,3.21,2.97,3.11,3.13,3.12,2.93,2.92,2.90,2.88,2.84,2.76,3.07,3.09,3.14,3.26,3.26,3.25,3.37,3.27,3.19,3.01,2.93,2.95,2.90,2.63,2.46,2.36,2.29,1.83,1.74,1.68,1.57,1.54,1.48,1.46,1.39,1.34,1.28,1.22,1.21,1.15,1.10,1.06,1.10,1.22,1.17,1.09,1.05,1.04,1.01,0.97,0.91,0.89,0.88,0.89,0.89,1.01,1.04,1.18,1.21
Cyprus,#N/A,#N/A,#N/A,#N/A,#N/A,#N/A,#N/A,#N/A,#N/A,#N/A,#N/A,#N/A,#N/A,#N/A,#N/A,#N/A,#N/A,#N/A,#N/A,#N/A,#N/A,#N/A,#N/A,#N/A,#N/A,#N/A,#N/A,#N/A,#N/A,#N/A,#N/A,#N/A,#N/A,#N/A,#N/A,#N/A,1.27,1.58,5.39,5.70,5.37,7.37,7.26,9.13,4.07,4.02,3.04,4.52,5.57,4.68,2.73,2.82,3.15,2.13,1.99,1.96,2.04,1.90,1.68,1.63,1.82,1.85,1.74,1.65,1.61,1.54,1.65,1.40,1.57,1.76,1.79,1.92,1.84,1.82,1.82
Denmark,#N/A,1.66,2.05,2.74,3.36,3.19,3.18,3.03,3.08,2.88,2.59,2.73,2.59,3.02,3.04,2.84,2.83,2.64,2.59,2.68,2.39,2.43,2.36,2.18,1.98,2.23,2.40,2.20,2.22,2.27,2.25,2.36,2.44,2.42,2.36,2.24,2.10,1.94,2.03,2.09,2.02,1.95,1.95,1.89,1.91,1.77,1.69,1.64,1.62,1.61,1.56,1.46,1.53,1.51,1.47,1.42,1.31,1.38,1.31,1.36,1.35,1.40,1.31,1.35,1.23,1.15,1.11,1.15,1.14,1.28,1.30,1.38,1.30,1.37,1.95
Finland,#N/A,#N/A,#N/A,#N/A,#N/A,#N/A,#N/A,#N/A,#N/A,1.71,1.87,1.77,1.84,2.51,1.93,1.86,1.80,1.71,1.62,1.76,1.44,1.38,1.45,1.53,1.45,1.27,1.51,1.34,1.41,1.43,1.48,1.67,1.55,1.64,1.82,1.60,1.68,1.72,1.65,1.61,1.53,1.56,1.78,1.91,1.87,1.76,1.42,1.53,1.54,1.46,1.22,1.24,1.14,1.15,1.45,1.47,1.46,1.44,1.29,1.39,1.56,1.49,1.49,1.53,1.53,1.45,1.45,1.42,1.35,1.36,1.35,1.43,1.29,1.57,2.42
France,#N/A,4.65,5.99,7.23,7.57,6.12,5.38,6.46,6.16,5.69,5.64,5.43,5.30,5.16,4.74,4.54,4.40,4.29,4.30,4.14,3.68,3.46,3.32,3.23,3.14,3.09,3.20,3.16,3.23,3.15,3.14,3.16,3.25,3.22,3.24,3.19,3.14,3.09,3.12,2.96,2.88,2.81,2.81,2.69,2.69,2.66,2.49,2.41,2.38,2.23,2.18,2.09,2.03,2.05,2.10,2.10,2.02,1.98,1.91,1.90,2.10,1.97,1.89,1.87,1.85,1.86,1.87,1.92,1.91,1.84,1.84,2.00,1.91,1.93,2.06
Germany,#N/A,#N/A,#N/A,#N/A,3.97,3.74,3.84,3.41,3.90,2.79,4.17,3.77,3.74,4.50,4.90,4.38,4.09,3.91,4.08,3.41,3.40,3.01,3.06,3.17,3.16,3.26,3.28,3.14,3.04,3.05,2.96,2.96,3.04,3.03,3.03,2.93,2.87,2.79,2.77,2.64,2.53,2.52,2.00,1.86,1.69,1.55,1.50,1.47,1.41,1.39,1.40,1.36,1.32,1.33,1.32,1.27,1.07,1.20,1.17,1.21,1.31,1.27,1.21,1.24,1.19,1.15,1.14,1.15,1.15,1.17,1.26,1.37,1.32,1.38,1.52
Greece,5.91,6.01,6.64,6.43,5.11,5.49,5.11,5.94,5.00,4.77,4.86,4.86,4.24,4.05,3.82,3.57,3.50,3.58,4.35,4.69,4.79,4.20,4.12,3.96,3.52,4.82,5.85,5.83,5.92,5.58,5.18,4.66,5.74,5.63,5.17,4.84,4.69,4.13,4.26,4.20,3.77,3.80,3.48,3.63,3.60,3.58,3.17,3.31,3.37,3.53,3.36,3.47,3.25,3.08,2.49,2.61,2.84,2.78,2.68,2.98,3.22,2.75,2.52,2.44,2.37,2.35,2.46,2.57,2.56,2.72,2.62,3.07,3.87,4.02,3.23
Iceland,#N/A,#N/A,#N/A,#N/A,#N/A,#N/A,#N/A,#N/A,#N/A,#N/A,#N/A,#N/A,#N/A,#N/A,#N/A,#N/A,#N/A,#N/A,#N/A,#N/A,#N/A,#N/A,#N/A,#N/A,#N/A,#N/A,#N/A,#N/A,#N/A,#N/A,#N/A,#N/A,#N/A,#N/A,#N/A,#N/A,#N/A,#N/A,#N/A,#N/A,#N/A,#N/A,#N/A,#N/A,#N/A,#N/A,#N/A,#N/A,#N/A,#N/A,#N/A,#N/A,#N/A,#N/A,#N/A,#N/A,#N/A,#N/A,#N/A,#N/A,#N/A,#N/A,#N/A,#N/A,#N/A,#N/A,#N/A,#N/A,#N/A,#N/A,#N/A,#N/A,#N/A,#N/A,#N/A
Ireland,#N/A,#N/A,#N/A,#N/A,#N/A,#N/A,#N/A,#N/A,#N/A,1.45,1.42,1.33,1.32,1.29,1.24,1.30,1.33,1.23,1.19,1.13,1.10,1.16,1.24,1.33,1.31,1.41,1.63,1.62,1.53,1.48,1.58,1.67,1.58,1.59,1.49,1.41,1.42,1.42,1.28,1.20,1.11,1.20,1.25,1.20,1.14,1.11,1.01,0.99,0.92,0.82,0.75,0.70,0.70,0.63,0.59,0.57,0.54,0.51,0.51,0.58,0.60,0.57,0.54,0.51,0.50,0.46,0.34,0.34,0.31,0.29,0.28,0.27,0.25,0.22,0.22
Italy,#N/A,#N/A,3.78,3.99,3.33,3.53,3.25,3.17,3.09,3.04,2.95,2.71,2.57,2.63,2.75,2.73,2.75,2.99,2.77,2.65,2.42,2.06,2.24,2.39,2.20,2.07,1.98,1.83,1.89,1.88,1.87,1.76,1.82,2.01,2.02,2.01,1.94,1.98,2.06,2.07,2.03,1.88,1.86,1.75,1.79,1.71,1.47,1.59,1.63,1.64,1.68,1.74,1.68,1.71,1.71,1.68,1.60,1.52,1.45,1.54,1.55,1.50,1.48,1.43,1.40,1.28,1.21,1.33,1.36,1.36,1.31,1.74,1.68,1.69,1.61
Luxembourg,#N/A,1.21,1.41,2.14,2.61,2.94,2.92,1.71,1.76,1.74,1.59,0.91,1.00,1.16,1.07,1.25,1.22,1.21,1.00,0.83,0.74,0.68,0.71,0.74,0.71,0.69,0.87,0.89,0.91,0.93,0.92,1.04,1.09,1.08,1.09,1.04,0.87,0.83,0.92,0.95,0.79,0.79,0.81,0.83,0.71,0.74,0.60,0.59,0.61,0.64,0.57,0.54,0.68,0.59,0.61,0.61,0.58,0.52,0.50,0.36,0.37,0.44,0.38,0.36,0.36,0.37,0.42,0.38,0.50,0.50,0.55,0.58,0.47,0.63,0.75
Malta,#N/A,#N/A,#N/A,#N/A,#N/A,#N/A,#N/A,#N/A,#N/A,#N/A,#N/A,#N/A,#N/A,#N/A,#N/A,#N/A,#N/A,#N/A,#N/A,#N/A,#N/A,#N/A,#N/A,#N/A,#N/A,#N/A,#N/A,#N/A,#N/A,#N/A,#N/A,#N/A,#N/A,#N/A,#N/A,#N/A,1.28,1.27,1.46,1.22,1.11,0.91,0.87,0.97,1.00,1.02,0.84,0.87,0.82,0.73,0.68,0.63,0.67,0.64,0.63,0.67,0.82,0.65,0.62,0.62,0.68,0.65,0.58,0.53,0.51,0.49,0.47,0.51,0.48,0.43,0.50,0.57,0.49,0.43,0.56
Netherlands,#N/A,#N/A,#N/A,#N/A,#N/A,#N/A,#N/A,5.79,5.32,4.72,4.02,3.70,4.09,4.12,4.01,3.93,3.57,3.37,3.52,3.26,3.23,2.87,2.84,2.82,2.70,2.65,2.84,2.69,2.95,2.75,2.84,2.78,2.86,3.14,2.85,2.86,2.77,2.73,2.71,2.61,2.52,2.37,2.25,2.21,2.03,1.91,1.79,1.76,1.66,1.58,1.59,1.43,1.44,1.43,1.44,1.43,1.40,1.39,1.35,1.31,1.40,1.33,1.29,1.24,1.17,1.16,1.13,1.16,1.16,1.22,1.32,1.44,1.40,1.35,1.53
Norway,2.71,2.37,3.05,4.01,5.08,5.00,3.93,3.52,3.59,3.51,3.58,3.20,3.00,3.24,3.21,3.12,3.40,3.57,3.51,3.61,3.60,3.47,3.39,3.29,3.13,3.04,3.21,3.12,3.10,2.84,2.77,2.62,2.62,2.74,2.79,2.54,2.80,2.81,2.98,2.89,2.91,2.89,2.75,2.96,2.69,2.73,2.31,2.16,2.02,2.16,2.04,1.71,1.70,2.08,1.97,1.85,1.58,1.44,1.46,1.37,1.60,1.51,1.44,1.39,1.41,1.46,1.50,1.62,1.71,1.72,1.84,1.97,1.72,1.50,1.61
Portugal,#N/A,2.34,#N/A,#N/A,2.49,2.58,2.60,2.48,2.47,2.44,2.60,2.56,3.89,4.23,3.96,4.11,3.81,3.85,4.46,4.50,4.14,4.14,4.33,4.06,3.48,4.34,3.10,2.36,2.07,2.09,2.03,2.03,2.00,2.04,1.91,1.86,1.84,1.92,1.86,1.89,1.89,1.84,1.83,1.81,1.79,1.68,1.71,1.60,1.54,1.42,1.43,1.41,1.44,1.46,1.43,1.50,1.59,1.51,1.38,1.42,1.53,1.49,1.49,1.41,1.44,1.31,1.33,1.54,1.24,1.34,1.37,1.43,1.52,1.40,1.52
Spain,#N/A,#N/A,#N/A,#N/A,#N/A,2.29,2.31,2.26,2.23,1.93,1.91,2.25,2.03,2.27,1.97,1.93,1.88,2.08,1.85,2.30,2.43,2.29,2.11,2.32,2.11,2.21,2.00,2.32,2.31,2.36,2.50,2.49,2.58,2.66,2.94,2.97,2.95,2.63,2.61,2.49,2.36,2.29,2.13,2.04,2.01,2.00,1.92,1.81,1.72,1.76,1.76,1.73,1.63,1.46,1.42,1.43,1.39,1.37,1.36,1.37,1.36,1.39,1.33,1.42,1.27,1.25,1.27,1.14,1.23,1.25,1.23,1.37,1.35,1.43,1.51
Sweden,#N/A,#N/A,#N/A,#N/A,#N/A,#N/A,#N/A,#N/A,#N/A,#N/A,#N/A,3.78,3.72,3.86,3.97,3.87,3.91,3.86,3.61,3.48,3.46,3.36,3.41,3.41,3.28,3.22,3.08,3.00,3.10,3.15,3.12,2.92,2.95,2.85,2.74,2.67,2.67,2.59,2.48,2.45,2.43,2.46,2.32,2.34,2.26,2.13,1.75,1.48,1.91,1.87,1.87,1.82,1.78,1.64,1.60,1.44,1.41,1.32,1.30,1.16,1.16,1.19,1.10,1.13,1.11,1.13,1.07,1.05,1.02,1.03,1.09,1.15,1.19,1.31,1.47
Switzerland,#N/A,#N/A,#N/A,#N/A,#N/A,#N/A,#N/A,#N/A,2.83,2.99,2.71,2.34,2.47,2.57,2.52,2.54,2.47,2.53,2.38,2.18,2.20,2.10,2.05,1.97,1.86,1.88,1.90,2.16,2.02,1.97,2.04,1.68,1.66,1.73,1.75,1.70,1.82,1.66,1.56,1.56,1.52,1.57,1.54,1.52,1.37,1.33,1.36,1.28,1.22,1.19,1.09,1.03,0.99,0.96,0.93,0.89,0.83,0.75,0.72,0.72,0.73,0.69,0.69,0.67,0.71,0.63,0.65,0.66,0.67,0.65,0.70,0.77,0.67,0.69,0.70
United Kingdom,#N/A,7.21,8.30,10.37,10.96,10.06,9.09,8.56,7.99,7.62,7.29,7.09,6.92,6.94,6.80,6.60,6.44,6.25,6.24,5.94,5.50,5.20,5.08,5.17,4.91,5.07,5.34,5.18,4.92,4.73,4.68,5.02,4.98,5.38,5.40,5.51,5.32,5.06,4.69,4.21,4.04,3.98,4.12,3.86,3.59,3.38,2.85,2.72,2.56,2.50,2.42,2.37,2.41,2.49,2.55,2.50,2.42,2.37,2.37,2.49,2.65,2.57,2.50,2.42,2.29,2.18,2.05,1.98,1.95,1.94,1.99,2.16,2.07,2.07,2.26
Bahrain,#N/A,#N/A,#N/A,#N/A,#N/A,#N/A,#N/A,#N/A,#N/A,#N/A,#N/A,#N/A,#N/A,#N/A,#N/A,#N/A,#N/A,#N/A,#N/A,#N/A,#N/A,#N/A,#N/A,#N/A,#N/A,#N/A,1.53,1.75,2.08,4.96,5.89,5.70,6.90,8.54,4.79,4.18,4.59,5.84,5.25,5.60,5.64,5.28,5.70,5.88,5.37,5.11,5.18,5.27,5.07,5.33,5.50,3.96,4.15,4.61,4.66,4.04,3.21,3.10,2.96,2.80,3.61,3.28,3.59,3.84,4.14,4.42,4.64,4.67,4.32,4.04,4.03,4.05,3.55,3.15,3.11
Egypt,#N/A,#N/A,#N/A,#N/A,#N/A,#N/A,#N/A,#N/A,#N/A,#N/A,#N/A,#N/A,#N/A,6.68,8.66,10.33,10.12,8.72,8.91,11.13,14.34,15.99,17.19,13.56,13.51,17.27,15.43,13.73,13.11,9.94,6.47,6.16,7.42,7.19,7.96,8.27,7.86,7.50,6.53,5.06,3.97,3.47,3.61,3.22,3.10,3.15,3.08,2.97,2.84,2.66,2.57,2.55,2.99,3.28,3.18,2.88,2.71,2.61,2.38,2.18,2.03,1.95,1.84,1.65,1.61,1.69,1.72,1.67,1.42,1.25,1.18,1.12,1.12,1.05,0.87
Iran,#N/A,#N/A,#N/A,#N/A,#N/A,#N/A,#N/A,#N/A,#N/A,#N/A,#N/A,2.29,2.35,2.31,2.59,2.88,3.25,3.82,4.46,5.18,5.97,5.86,3.05,2.28,1.86,8.75,12.07,11.25,10.19,11.11,5.80,5.34,8.19,7.91,7.10,6.35,6.51,6.08,5.89,6.27,4.56,2.94,2.17,1.79,1.70,2.07,2.15,2.24,2.50,2.63,2.40,2.30,2.42,2.17,2.41,2.83,3.04,3.32,2.65,2.68,3.05,2.79,2.38,2.69,2.18,2.12,2.56,2.80,2.84,2.24,2.11,2.17,2.22,2.11,2.06
Iraq,#N/A,#N/A,#N/A,#N/A,#N/A,#N/A,#N/A,#N/A,6.54,6.08,6.71,7.05,6.85,6.91,8.25,7.96,8.87,8.52,8.43,9.22,11.38,11.17,10.52,10.64,12.26,12.49,11.67,11.16,9.81,8.12,6.15,5.51,10.83,#N/A,#N/A,#N/A,#N/A,#N/A,#N/A,#N/A,#N/A,#N/A,#N/A,#N/A,#N/A,#N/A,#N/A,#N/A,#N/A,#N/A,#N/A,#N/A,#N/A,#N/A,#N/A,1.68,2.24,1.90,2.24,2.37,2.90,2.71,2.30,1.90,3.32,2.95,5.41,3.56,3.86,2.79,3.29,3.13,2.31,1.81,2.07
Israel,#N/A,#N/A,#N/A,#N/A,#N/A,#N/A,#N/A,#N/A,#N/A,#N/A,#N/A,7.46,7.87,9.16,9.75,8.98,8.57,9.43,15.44,17.43,19.09,23.45,22.80,20.37,27.86,27.66,30.46,29.25,23.09,22.89,19.38,18.92,20.26,18.39,15.55,16.18,16.60,14.77,16.90,15.95,12.45,12.36,15.59,10.93,11.52,10.12,7.92,7.73,7.48,6.98,6.53,6.30,6.51,6.59,6.49,6.36,6.26,6.05,6.37,6.39,6.15,5.94,5.77,5.64,5.46,5.65,5.44,5.43,5.45,5.30,5.09,5.30,4.96,4.46,5.32
Jordan,#N/A,#N/A,#N/A,#N/A,#N/A,#N/A,#N/A,#N/A,#N/A,#N/A,22.54,20.40,16.51,18.15,17.12,14.84,13.41,19.49,23.49,24.06,#N/A,18.51,17.15,18.36,18.67,17.51,15.25,17.24,12.53,11.72,12.21,10.65,10.01,9.94,9.85,9.22,10.05,9.77,9.58,9.36,9.07,7.75,9.97,6.92,6.98,6.54,4.45,6.03,6.13,6.27,6.28,6.26,5.89,5.45,6.00,5.14,4.80,4.66,5.85,5.99,6.39,5.74,5.40,4.66,4.19,4.20,4.19,4.44,4.68,4.56,4.57,4.72,4.82,4.90,4.91
Kuwait,#N/A,#N/A,#N/A,#N/A,#N/A,#N/A,#N/A,#N/A,#N/A,#N/A,#N/A,#N/A,#N/A,#N/A,#N/A,#N/A,#N/A,#N/A,#N/A,#N/A,#N/A,2.39,1.89,2.04,2.52,3.28,#N/A,#N/A,5.29,4.76,3.55,3.31,4.13,5.95,6.83,6.75,6.43,7.24,5.98,8.24,8.54,48.52,117.35,31.79,12.44,13.26,13.58,10.29,8.09,8.80,7.59,7.15,7.70,7.40,6.54,5.80,4.34,3.54,3.59,3.01,3.97,3.76,3.50,3.41,3.27,3.59,5.01,5.89,5.61,5.19,5.42,6.57,6.59,4.73,4.90
Lebanon,#N/A,#N/A,#N/A,#N/A,#N/A,#N/A,#N/A,#N/A,#N/A,#N/A,#N/A,#N/A,#N/A,#N/A,#N/A,3.66,3.89,4.16,4.84,4.84,4.64,4.34,4.00,5.09,3.82,#N/A,#N/A,12.12,4.73,8.49,10.07,12.36,9.58,9.29,13.46,10.97,6.29,5.26,1.12,1.19,#N/A,7.55,5.15,7.98,6.01,7.00,6.71,5.66,4.31,4.02,4.77,5.39,5.45,4.75,4.68,4.51,4.48,4.58,4.63,4.00,4.02,4.13,4.06,3.99,4.17,4.68,4.49,5.06,4.51,4.85,4.24,3.03,3.37,2.92,8.91
Oman,#N/A,#N/A,#N/A,#N/A,#N/A,#N/A,#N/A,#N/A,#N/A,#N/A,#N/A,#N/A,#N/A,#N/A,#N/A,#N/A,#N/A,#N/A,#N/A,#N/A,#N/A,#N/A,9.65,14.86,18.60,15.53,24.96,23.01,18.78,20.95,15.64,14.91,15.71,16.67,17.16,16.89,15.56,15.87,13.20,13.70,12.50,12.39,11.06,12.18,11.53,11.77,10.97,9.41,9.36,8.22,7.52,7.09,8.20,8.10,7.96,7.86,7.71,7.10,6.72,4.96,6.07,5.65,6.45,10.58,9.75,8.86,9.57,10.56,8.41,8.27,7.44,8.03,6.56,5.04,5.40
Qatar,#N/A,#N/A,#N/A,#N/A,#N/A,#N/A,#N/A,#N/A,#N/A,#N/A,#N/A,#N/A,#N/A,#N/A,#N/A,#N/A,#N/A,#N/A,#N/A,#N/A,#N/A,#N/A,#N/A,#N/A,#N/A,#N/A,#N/A,#N/A,#N/A,#N/A,#N/A,7.87,12.22,19.28,13.96,12.73,24.85,#N/A,15.89,16.27,13.08,10.74,13.01,#N/A,#N/A,#N/A,#N/A,#N/A,#N/A,#N/A,#N/A,#N/A,#N/A,3.93,3.33,2.43,1.99,1.75,1.96,2.01,1.99,1.47,#N/A,#N/A,#N/A,#N/A,#N/A,#N/A,#N/A,#N/A,#N/A,#N/A,6.45,6.96,#N/A
Saudi Arabia,#N/A,#N/A,#N/A,#N/A,#N/A,#N/A,#N/A,#N/A,#N/A,#N/A,#N/A,#N/A,#N/A,#N/A,5.90,5.97,7.69,11.32,11.51,8.09,9.57,9.40,8.64,10.08,10.84,#N/A,#N/A,#N/A,15.65,16.74,15.77,12.61,13.27,17.72,16.97,19.00,17.00,#N/A,16.90,15.15,13.39,14.02,12.47,11.28,12.47,10.64,9.28,8.47,11.00,14.31,11.38,10.53,11.42,9.76,8.69,8.08,7.73,7.85,8.53,7.35,9.62,8.57,7.17,7.62,8.89,10.54,13.02,9.56,9.85,8.81,7.79,8.79,7.23,6.40,7.09
Syria,#N/A,#N/A,#N/A,#N/A,#N/A,#N/A,#N/A,#N/A,#N/A,#N/A,#N/A,10.52,9.54,13.47,#N/A,8.64,8.88,7.75,8.21,12.16,10.83,11.22,8.44,10.77,15.07,12.66,15.95,14.73,14.50,14.71,15.93,17.25,14.55,15.56,14.64,17.69,16.56,14.45,11.22,7.85,7.97,6.87,10.43,8.99,7.24,7.36,6.95,6.04,5.88,5.81,5.81,5.45,5.48,5.41,6.25,5.54,5.03,4.39,4.10,3.55,4.03,4.06,#N/A,#N/A,#N/A,#N/A,#N/A,#N/A,#N/A,#N/A,#N/A,#N/A,#N/A,#N/A,#N/A
Turkey,#N/A,#N/A,#N/A,#N/A,#N/A,#N/A,#N/A,#N/A,#N/A,#N/A,#N/A,3.53,3.76,3.71,3.39,3.42,3.55,3.14,3.26,3.28,3.08,3.26,3.50,3.45,3.35,3.19,5.12,4.94,4.71,4.19,3.36,3.90,3.82,4.30,3.94,3.60,3.53,3.64,3.33,2.93,3.15,3.53,3.75,3.87,3.92,4.05,3.90,4.14,4.10,3.18,3.89,3.66,3.60,3.80,3.30,2.70,2.41,2.36,2.22,2.20,2.49,2.27,2.03,2.01,1.92,1.87,1.81,2.05,2.05,2.52,2.69,2.43,1.90,1.19,1.50
United Arab Emirates,#N/A,#N/A,#N/A,#N/A,#N/A,#N/A,#N/A,#N/A,#N/A,#N/A,#N/A,#N/A,#N/A,#N/A,#N/A,#N/A,#N/A,#N/A,#N/A,#N/A,#N/A,#N/A,#N/A,#N/A,#N/A,#N/A,#N/A,#N/A,#N/A,#N/A,#N/A,#N/A,#N/A,#N/A,#N/A,#N/A,#N/A,#N/A,#N/A,#N/A,#N/A,#N/A,#N/A,#N/A,#N/A,#N/A,#N/A,#N/A,6.76,8.63,7.67,8.32,5.61,4.88,4.69,4.61,3.66,3.23,3.28,3.67,5.46,6.04,5.47,5.08,6.03,5.64,#N/A,#N/A,#N/A,#N/A,#N/A,#N/A,#N/A,#N/A,#N/A
Yemen North,#N/A,#N/A,#N/A,#N/A,#N/A,#N/A,#N/A,#N/A,#N/A,#N/A,#N/A,#N/A,#N/A,#N/A,#N/A,#N/A,#N/A,#N/A,#N/A,#N/A,#N/A,#N/A,#N/A,#N/A,#N/A,#N/A,#N/A,#N/A,#N/A,#N/A,#N/A,#N/A,#N/A,#N/A,#N/A,#N/A,#N/A,#N/A,#N/A,#N/A,#N/A,#N/A,#N/A,#N/A,#N/A,#N/A,#N/A,#N/A,#N/A,#N/A,#N/A,#N/A,#N/A,#N/A,#N/A,#N/A,#N/A,#N/A,#N/A,#N/A,#N/A,#N/A,#N/A,#N/A,#N/A,#N/A,#N/A,#N/A,#N/A,#N/A,#N/A,#N/A,#N/A,#N/A,#N/A
Yemen,#N/A,#N/A,#N/A,#N/A,#N/A,#N/A,#N/A,#N/A,#N/A,#N/A,#N/A,#N/A,#N/A,#N/A,#N/A,#N/A,#N/A,#N/A,#N/A,#N/A,#N/A,#N/A,#N/A,#N/A,#N/A,#N/A,#N/A,#N/A,#N/A,#N/A,#N/A,#N/A,#N/A,#N/A,#N/A,#N/A,#N/A,#N/A,#N/A,#N/A,#N/A,6.55,7.01,7.28,7.06,8.40,6.35,5.28,5.81,6.08,5.17,4.92,5.48,6.90,6.85,5.30,4.87,4.31,4.85,4.45,5.65,4.69,4.93,4.57,4.08,3.97,#N/A,#N/A,#N/A,#N/A,#N/A,#N/A,#N/A,#N/A,#N/A